Date,Unique Addresses,Market Price (USD),Number of Transactions,Output Volume (BTC),Hash Rate (TH/s),Total Bitcoins in Circulation
2022-05-20,668605.0,30289.87,267034.0,2433751.509894325,198848086.4143847,19045075.0
2022-05-21,579268.0,29159.5,225225.0,1526229.1838886163,209722591.14017138,19045743.75
2022-05-22,535873.0,29409.92,209047.0,1189443.3733409487,189527082.3637104,19046406.25
2022-05-23,638912.0,30278.94,265106.0,2112390.008140285,248560108.0179809,19047731.25
2022-05-24,600094.0,29074.33,235866.0,2564577.4340816108,186420081.01348567,19048393.75
2022-05-25,700322.0,29634.57,288842.0,1932187.5127403233,219801139.27751222,19049056.25
2022-05-26,653373.0,29518.59,262367.0,2321169.076322242,209555369.85718095,19049718.75
2022-05-27,688580.0,29193.92,270453.0,2809906.8668479724,205096744.96660265,19051043.75
2022-05-28,576357.0,28578.89,226794.0,1574808.3837342055,219958827.93519703,19051706.25
2022-05-29,530365.0,29013.69,207859.0,1508386.053168218,221445036.23205647,19053031.25
2022-05-30,644720.0,29448.74,271819.0,2255369.048189984,228876077.71635368,19053693.75
2022-05-31,685567.0,31715.58,276273.0,4503324.897421237,216986411.34147817,19054356.25
2022-06-01,683372.0,31776.27,272165.0,3524202.9690631144,202124328.37288374,19055681.25
2022-06-02,664442.0,29780.81,264901.0,2253835.3527373336,185776037.10742992,19056343.75
2022-06-03,678027.0,30429.88,267517.0,2018440.1884760882,212527786.45089987,19057006.25
2022-06-04,569230.0,29681.76,218629.0,1320781.9694149306,206582953.2634621,19057668.75
2022-06-05,538083.0,29845.23,201341.0,1514488.2626298196,216986411.34147817,19059000.0
2022-06-06,652057.0,29901.35,268921.0,2225862.4879331454,222931244.5289159,19059668.75
2022-06-07,648390.0,31349.82,263641.0,2490565.227489953,240765744.0912292,19061000.0
2022-06-08,656376.0,31117.83,261597.0,1886979.2493481555,266405768.7361438,19061662.5
2022-06-09,661923.0,30189.25,262105.0,1638041.460624255,219787040.37955952,19062987.5
2022-06-10,669839.0,30083.46,261856.0,2415167.275173259,221292431.06709072,19063650.0
2022-06-11,589547.0,29059.41,230002.0,2215293.909529822,231830165.87980935,19064975.0
2022-06-12,557721.0,28344.5,215473.0,2365067.8721057274,191184617.31646615,19065637.5
2022-06-13,708381.0,26593.3,272503.0,7950792.166935221,200216961.44165352,19066306.25
2022-06-14,717234.0,22431.22,283231.0,13699201.286760954,219787040.37955952,19067637.5
2022-06-15,732637.0,22189.29,296312.0,17685861.218543466,248389463.44265285,19068300.0
2022-06-16,662185.0,22550.79,251253.0,13439083.637873286,179141491.81621632,19068962.5
2022-06-17,663831.0,20350.48,251574.0,11710881.064843578,162582194.2533728,19069625.0
2022-06-18,654430.0,20434.75,247890.0,10560717.105945444,234840947.25487182,19070950.0
2022-06-19,548972.0,18977.51,199777.0,5043012.149583781,200216961.44165352,19071612.5
2022-06-20,605998.0,20540.38,236636.0,4424192.444247196,198711570.75412232,19072275.0
2022-06-21,647716.0,20582.29,254438.0,4176311.885708452,225808603.12968442,19073606.25
2022-06-22,639691.0,20703.51,255472.0,3246047.3190708146,193273708.26929793,19074268.75
2022-06-23,633984.0,19953.71,255213.0,2934106.2148207603,223431040.49785998,19074937.5
2022-06-24,650157.0,21088.3,254348.0,3655204.2786163543,189622396.21199957,19075606.25
2022-06-25,557791.0,21194.68,218017.0,1769259.0302856842,221961099.44195303,19076931.25
2022-06-26,528289.0,21481.38,206755.0,1372513.5461837812,202851865.7151624,19077593.75
2022-06-27,621986.0,21020.04,258883.0,2980504.0852102228,199911983.60334843,19078256.25
2022-06-28,624229.0,20702.23,248080.0,3984964.2167435642,214611394.16241816,19079587.5
2022-06-29,654949.0,20256.61,265079.0,4626676.379342954,221961099.44195303,19080250.0
2022-06-30,699397.0,20085.93,271213.0,4723524.188410398,251359920.5600925,19081575.0
2022-07-01,714094.0,19865.7,271874.0,4991768.387879735,196972101.49153444,19082237.5
2022-07-02,614214.0,19226.7,235096.0,3320258.447381267,202851865.7151624,19082900.0
2022-07-03,548190.0,19224.75,206333.0,3337707.842693124,227840863.6655809,19084225.0
2022-07-04,610225.0,19288.97,240385.0,3652243.870568004,210201570.99469727,19084887.5
2022-07-05,616343.0,20208.45,245829.0,3655744.988303669,173453044.59702292,19085550.0
2022-07-06,687966.0,20181.91,267118.0,3365689.613227159,186682514.1001857,19086881.25
2022-07-07,691644.0,20545.61,281435.0,2641134.5626791795,227544125.37384427,19087543.75
2022-07-08,682201.0,21633.44,268331.0,3743320.127586126,214480636.40419686,19088206.25
2022-07-09,576270.0,21636.45,220708.0,2403375.761165816,194191927.5551512,19089537.5
2022-07-10,523353.0,21582.6,199369.0,1801928.337839187,221726603.8502846,19090200.0
2022-07-11,590261.0,20834.61,229482.0,4630750.7153260335,178250799.1737582,19090868.75
2022-07-12,657668.0,19946.31,275378.0,4606410.647371236,218828216.87184954,19092200.0
2022-07-13,597185.0,19292.99,222657.0,5325507.670947687,159411283.8139301,19092862.5
2022-07-14,685931.0,20223.69,286894.0,3178632.39913464,179699992.6629758,19093525.0
2022-07-15,661194.0,20568.9,269269.0,3610616.4632015373,205785475.4688916,19094187.5
2022-07-16,577967.0,20835.61,226638.0,2729080.9262398053,214480636.40419686,19095512.5
2022-07-17,519659.0,21197.1,202157.0,1709406.4180747587,179699992.6629758,19096187.5
2022-07-18,611990.0,20774.23,247895.0,3309147.2064183163,189844347.0874986,19096850.0
2022-07-19,682638.0,22538.08,279950.0,3326550.2721271534,199988701.51202142,19097512.5
2022-07-20,642244.0,23403.29,260195.0,2573993.500964621,182598379.64141086,19098175.0
2022-07-21,686329.0,23227.22,273976.0,3759916.7023962364,199187652.45519632,19099506.25
2022-07-22,650694.0,23154.09,263276.0,3237588.5031510214,181711862.6387281,19100168.75
2022-07-23,572761.0,22687.08,223744.0,2654289.091787272,211997173.07851613,19100831.25
2022-07-24,531268.0,22461.7,199919.0,1699845.6369709196,216126988.13848722,19102156.25
2022-07-25,629329.0,22582.4,253417.0,3753288.8881868296,195477912.83863172,19102825.0
2022-07-26,655695.0,21300.72,264861.0,5210200.533501431,220256803.19845834,19104150.0
2022-07-27,644191.0,21267.33,255930.0,3749740.110883333,227139828.29841012,19104812.5
2022-07-28,697022.0,22950.29,287254.0,3178041.8131235903,194101307.8186414,19106143.75
2022-07-29,708268.0,23856.25,281608.0,3425362.2152062766,200984332.91859323,19106806.25
2022-07-30,601643.0,23792.0,232696.0,1805369.2393478816,177582047.57875702,19107468.75
2022-07-31,561055.0,23647.99,209042.0,1566853.9576974483,209243963.0385354,19108793.75
2022-08-01,635502.0,23326.49,249610.0,3451792.690272312,187218282.71868956,19109456.25
2022-08-02,663588.0,23298.94,266968.0,3848350.0719659138,213373778.09850645,19110125.0
2022-08-03,693063.0,22981.77,282037.0,4346314.72139846,199607727.89860287,19111450.0
2022-08-04,695558.0,22831.85,279707.0,3705608.540538079,183173748.80206442,19112112.5
2022-08-05,687443.0,22608.3,268463.0,4429126.362053216,210085555.03954557,19112775.0
2022-08-06,610889.0,23295.14,237677.0,2376954.013019606,225491829.07577893,19114100.0
2022-08-07,522072.0,22947.19,196161.0,1245601.1011729778,222690688.3419183,19114768.75
2022-08-08,652517.0,23174.25,256582.0,5535643.639714604,201682132.83796376,19116093.75
2022-08-09,646055.0,23816.32,256233.0,3982542.211739573,200281562.47103348,19116762.5
2022-08-10,663480.0,23156.31,264566.0,4707647.916283882,207284414.30568495,19118087.5
2022-08-11,725127.0,23959.92,287356.0,3822312.045913875,196079851.3702425,19118750.0
2022-08-12,703328.0,23953.77,273661.0,2556005.268895124,215687836.5072668,19119412.5
2022-08-13,613804.0,24418.38,233308.0,1766078.3451012822,194679281.00331223,19120737.5
2022-08-14,551189.0,24447.13,205350.0,1232189.9675736786,186275858.8017304,19121400.0
2022-08-15,620533.0,24314.89,241934.0,3447594.1144452193,203082703.20489404,19122062.5
2022-08-16,677726.0,24096.19,273896.0,3290019.3759421282,207284414.30568495,19123387.5
2022-08-17,648642.0,23876.29,256127.0,3486262.9541284684,180673577.33400917,19124056.25
2022-08-18,685923.0,23332.09,291921.0,2472311.307709068,202403376.03316846,19124718.75
2022-08-19,736405.0,23193.99,279910.0,4540414.320883608,250867150.78611156,19126043.75
2022-08-20,597278.0,20843.22,222722.0,4251579.265391692,209995536.33219454,19126706.25
2022-08-21,549247.0,21150.33,205435.0,2235957.7253973833,205767438.2852376,19128031.25
2022-08-22,629040.0,21520.51,250534.0,5140360.63634013,204358072.2695853,19128693.75
2022-08-23,641154.0,21402.93,256928.0,5178174.48151587,242410954.69219768,19130031.25
2022-08-24,649399.0,21516.02,256606.0,3602882.929386728,205767438.2852376,19130693.75
2022-08-25,656808.0,21377.51,260460.0,3252453.4203076763,224089196.48871768,19132018.75
2022-08-26,686060.0,21597.93,262722.0,2905835.770471331,248048418.754807,19132681.25
2022-08-27,605125.0,20233.32,225420.0,2997839.6654565064,204358072.2695853,19134006.25
2022-08-28,547812.0,20035.59,202109.0,1801926.9700546167,226907928.52002233,19134668.75
2022-08-29,641513.0,19550.07,252235.0,3703055.5399273834,221270464.45741308,19136000.0
2022-08-30,660170.0,20290.41,262445.0,3449140.856145006,228317294.5356746,19136662.5
2022-08-31,652024.0,19793.02,260425.0,4242118.662207318,219862688.89188153,19137331.25
2022-09-01,685449.0,20047.68,268022.0,4197325.022564245,212503108.15739748,19138662.5
2022-09-02,710783.0,20130.52,270588.0,3912131.5957854963,198644209.79930627,19139325.0
2022-09-03,641511.0,19952.91,242597.0,1971909.483644446,226362006.5154886,19139987.5
2022-09-04,541540.0,19834.94,204538.0,2520344.7297812453,258699436.01770127,19141312.5
2022-09-05,628765.0,19994.65,250179.0,4359954.353953268,235601272.08754936,19141975.0
2022-09-06,657784.0,19789.87,268125.0,6433456.75445262,218662618.53877124,19143300.0
2022-09-07,676262.0,18806.7,265239.0,5792815.361628444,224822128.92014512,19143962.5
2022-09-08,685564.0,19280.08,262863.0,4935443.096167318,195564454.60861945,19144625.0
2022-09-09,753468.0,19327.53,290849.0,4131765.663908668,226362006.5154886,19145950.0
2022-09-10,646199.0,21387.58,241936.0,2332596.900838978,241760782.46892318,19146612.5
2022-09-11,607174.0,21673.03,220361.0,1309161.356705137,281797599.94785315,19147937.5
2022-09-12,665425.0,21794.52,268971.0,2424473.589455792,235601272.08754936,19148606.25
2022-09-13,663498.0,22392.71,260108.0,2854240.2616934623,211972242.0735515,19149931.25
2022-09-14,687667.0,20172.56,270309.0,4575128.29641882,202308899.97494468,19150593.75
2022-09-15,700513.0,20219.55,277041.0,4070145.8836299563,234168569.26233754,19151256.25
2022-09-16,706574.0,19694.69,261361.0,3118813.4483982488,203901883.4393143,19151918.75
2022-09-17,641808.0,19787.61,247863.0,1862224.1661838284,270807188.94283926,19153250.0
2022-09-18,556563.0,20122.71,212396.0,1959548.7609477157,245319453.51292506,19153925.0
2022-09-19,631537.0,19415.86,253795.0,4848041.567004029,207087850.36805362,19155256.25
2022-09-20,650202.0,19542.2,269773.0,4501260.7516595125,242133486.58418575,19155918.75
2022-09-21,632611.0,18879.96,260924.0,4653045.127716519,224610668.47611964,19156581.25
2022-09-22,614742.0,18507.36,245794.0,3468487.3327136566,203901883.4393143,19157906.25
2022-09-23,689899.0,19408.63,281419.0,2872055.0901027084,215052767.68990183,19158568.75
2022-09-24,588364.0,19280.58,228040.0,1573602.1006089486,232575585.79796788,19159231.25
2022-09-25,574037.0,18931.79,212009.0,1805999.893671144,234168569.26233754,19160568.75
2022-09-26,614435.0,18807.71,259311.0,3041921.6551333037,238947519.65544644,19161243.75
2022-09-27,648681.0,19227.26,271117.0,2802125.310309138,205494866.90368393,19161912.5
2022-09-28,620268.0,19104.89,264048.0,3245541.848859748,234283743.87934902,19163237.5
2022-09-29,652313.0,19530.71,267342.0,2775712.7277221647,222928606.67506388,19163900.0
2022-09-30,717755.0,19598.86,286672.0,2587327.687655887,263461080.61598453,19165225.0
2022-10-01,627906.0,19427.2,241993.0,1450113.1618801192,282168376.2810249,19165900.0
2022-10-02,570649.0,19314.69,213646.0,1197649.4389986398,244753784.95094424,19167225.0
2022-10-03,656236.0,19049.72,273820.0,2421937.1087675253,240076961.03468415,19167887.5
2022-10-04,655477.0,19632.61,278744.0,2470136.433384029,254107432.78346437,19169212.5
2022-10-05,644568.0,20342.25,267021.0,2144871.821332041,272814728.44850475,19169875.0
2022-10-06,677796.0,20167.79,278204.0,1718745.064993171,247871667.56178424,19171200.0
2022-10-07,675013.0,19956.49,270191.0,1779581.6874984638,266578963.2268246,19172525.0
2022-10-08,610636.0,19544.82,235498.0,1452643.7094669903,272814728.44850475,19173193.75
2022-10-09,553851.0,19417.73,211238.0,1512885.741051015,246312726.25636423,19174525.0
2022-10-10,619704.0,19441.88,258286.0,2316428.003941476,281762541.4868823,19175193.75
2022-10-11,635320.0,19132.52,266451.0,2655452.170246279,277924882.20287925,19176531.25
2022-10-12,646003.0,19049.64,261196.0,2379349.684720743,242520438.6101558,19177193.75
2022-10-13,691476.0,19156.21,281093.0,2738882.9441652996,253141771.68797284,19177856.25
2022-10-14,694651.0,19383.33,284648.0,1979394.524742859,276154660.02324307,19179181.25
2022-10-15,612380.0,19184.71,241758.0,897539.1078840513,269073771.3046984,19179843.75
2022-10-16,558957.0,19063.1,212919.0,836631.3579371872,254911993.867609,19181181.25
2022-10-17,613662.0,19265.53,260471.0,1527703.4443137392,265533326.94542602,19181843.75
2022-10-18,615413.0,19548.97,257694.0,2248936.216591104,251371549.5083366,19182506.25
2022-10-19,612805.0,19330.74,263517.0,2344968.418260424,267303549.1250622,19183837.5
2022-10-20,633545.0,19125.65,263986.0,1777927.965661052,256682216.04724517,19184506.25
2022-10-21,671089.0,19046.83,270741.0,1862711.191530962,276154660.02324307,19185831.25
2022-10-22,598580.0,19171.34,233097.0,1261099.294643949,240750216.43051958,19186493.75
2022-10-23,582380.0,19205.45,217872.0,1297836.7858057516,274506216.9071191,19187156.25
2022-10-24,629949.0,19565.91,264486.0,1844797.6466453774,249031192.74934924,19188481.25
2022-10-25,601629.0,19338.9,248540.0,1891425.340954984,223395628.7898574,19189143.75
2022-10-26,683262.0,20101.27,306069.0,2570391.3850524626,283822315.2658024,19189806.25
2022-10-27,648360.0,20772.36,267995.0,2653049.6426012316,247200081.03795698,19191131.25
2022-10-28,679257.0,20288.52,283035.0,1819986.147359374,291146762.1113715,19191793.75
2022-10-29,668004.0,20601.63,252661.0,1846580.7331104982,261848974.7290952,19192456.25
2022-10-30,594597.0,20816.16,222138.0,1323024.3160765,247200081.03795698,19193781.25
2022-10-31,667561.0,20628.5,284125.0,2101561.4841118557,316782326.0708633,19194443.75
2022-11-01,666319.0,20499.29,276192.0,2112775.542126166,263680086.4404874,19195775.0
2022-11-02,630399.0,20486.26,257467.0,2461202.9228104325,223395628.7898574,19196437.5
2022-11-03,716406.0,20153.99,297039.0,3427399.934423203,300302320.6683329,19197100.0
2022-11-04,689430.0,20208.16,281515.0,3677486.708537386,236213410.7696033,19198431.25
2022-11-05,648416.0,21152.93,257198.0,1912637.8599863178,276497868.4202333,19199093.75
2022-11-06,577334.0,21292.67,223404.0,3904182.570971956,250862304.46074155,19199756.25
2022-11-07,643216.0,20920.33,264869.0,3924826.372319456,263186945.48747677,19201081.25
2022-11-08,719305.0,20598.44,295778.0,2127550.488696613,297875786.9173795,19201743.75
2022-11-09,754032.0,18540.11,292265.0,3710317.2516000043,272291363.5011629,19203068.75
2022-11-10,774942.0,15856.95,292831.0,3918655.7651363993,268636445.8702748,19203731.25
2022-11-11,747386.0,17550.23,284467.0,4083747.7806559545,244879481.2695022,19204393.75
2022-11-12,677645.0,16990.26,239254.0,2511160.2204935485,305185622.17915577,19205725.0
2022-11-13,656286.0,16776.4,227644.0,3371576.6816561674,235742187.19228196,19206387.5
2022-11-14,661596.0,16310.3,242416.0,3181831.0516961063,224777434.2996177,19207050.0
2022-11-15,703644.0,16587.96,283090.0,2704574.949456217,283256116.39382714,19208381.25
2022-11-16,670368.0,16873.56,268373.0,2197904.1846294017,274118822.31660694,19209043.75
2022-11-17,636467.0,16662.24,248465.0,1608293.9950869407,252189316.5312784,19209712.5
2022-11-18,697975.0,16682.44,282091.0,1797707.1688343533,254016775.34672245,19211037.5
2022-11-19,647807.0,16683.22,260694.0,1188723.0113534098,268636445.8702748,19211700.0
2022-11-20,595776.0,16687.8,229923.0,1633639.7550753946,272375605.3694332,19212362.5
2022-11-21,661220.0,16260.41,270779.0,1744871.1383014452,236949653.97082296,19213700.0
2022-11-22,623451.0,15759.61,253235.0,1528416.0096948573,231439196.90173405,19214362.5
2022-11-23,696412.0,16194.75,273997.0,1271249.922801923,258991482.2471786,19215031.25
2022-11-24,642832.0,16606.77,254639.0,929311.3968511923,236949653.97082296,19215693.75
2022-11-25,640008.0,16592.67,258341.0,1517766.1015952455,225928739.83264518,19216356.25
2022-11-26,598183.0,16507.44,229735.0,794920.3345765442,200213273.51023027,19217681.25
2022-11-27,568789.0,16453.47,222672.0,693341.9995760687,249807387.13203046,19218343.75
2022-11-28,630827.0,16420.2,262636.0,988137.3833619938,255317844.20111936,19219012.5
2022-11-29,658815.0,16208.96,271512.0,943505.6675236494,240623292.0168823,19219681.25
2022-11-30,656181.0,16432.73,271416.0,867578.712561914,253481025.1780897,19221006.25
2022-12-01,704310.0,17170.62,285467.0,891519.367442129,281033310.52353424,19221681.25
2022-12-02,686664.0,16971.57,271725.0,814875.1287351571,229602377.87870446,19222343.75
2022-12-03,650867.0,17091.23,250951.0,686948.1327285091,240623292.0168823,19223006.25
2022-12-04,570337.0,16894.23,219810.0,561992.0040751582,257154663.22414896,19224331.25
2022-12-05,654949.0,17117.57,274064.0,922708.7354684426,268175577.36232677,19224993.75
2022-12-06,637825.0,16967.02,262438.0,806304.5718507229,231289584.01772717,19225656.25
2022-12-07,652144.0,17085.45,272328.0,894608.8607571822,292794732.7377177,19226981.25
2022-12-08,646079.0,16836.05,263838.0,942080.8327875861,284283257.94883054,19228306.25
2022-12-09,662365.0,17234.58,265668.0,881416.3850032636,258748833.58216918,19228975.0
2022-12-10,617455.0,17128.55,241668.0,675374.8720834216,262153423.49772403,19229637.5
2022-12-11,570664.0,17124.99,217788.0,629574.6375548412,250237358.793282,19230975.0
2022-12-12,639530.0,17098.61,262646.0,869451.699343001,243428178.96217236,19231637.5
2022-12-13,710573.0,17206.87,287224.0,1262929.2437165785,280878668.0332757,19232962.5
2022-12-14,673994.0,17771.03,276441.0,1372297.6011682807,251939653.75105944,19233625.0
2022-12-15,691792.0,17802.44,276713.0,1035331.2315554506,236618999.1310626,19234287.5
2022-12-16,675745.0,17357.47,254176.0,1122824.3291111407,221298344.51106575,19235618.75
2022-12-17,675840.0,16637.6,263200.0,788260.7326860706,234916704.1732852,19236281.25
2022-12-18,559608.0,16783.6,212673.0,707201.717852375,246832768.87772718,19236956.25
2022-12-19,625817.0,16745.99,259096.0,1048878.135590823,233961255.1644386,19238281.25
2022-12-20,653824.0,16439.89,268893.0,992503.2210049293,246114015.1556391,19238950.0
2022-12-21,653064.0,16904.64,272491.0,864794.505277045,251387886.90897432,19239612.5
2022-12-22,665463.0,16813.62,271181.0,821592.263027596,237324228.90008065,19240937.5
2022-12-23,680283.0,16818.68,273926.0,884534.8023663283,232050357.14674553,19241600.0
2022-12-24,562534.0,16779.71,213339.0,605647.1398725724,156458195.34894204,19242268.75
2022-12-25,522307.0,16838.1,205314.0,575331.1691897305,247871972.40675086,19242931.25
2022-12-26,548937.0,16826.86,223504.0,659881.7812890987,226776485.39341035,19243593.75
2022-12-27,593337.0,16915.7,239359.0,741006.8047307775,202165083.87784645,19244262.5
2022-12-28,661225.0,16699.0,272949.0,873018.2612190844,295336818.18676704,19245587.5
2022-12-29,668338.0,16539.28,265955.0,869143.2756851362,247871972.40675086,19246250.0
2022-12-30,726125.0,16630.49,291015.0,886838.7021504453,277757245.6756499,19247575.0
2022-12-31,618594.0,16599.69,242325.0,626344.3208336479,274241331.1734265,19248237.5
2023-01-01,509337.0,16526.78,187516.0,557067.332262394,272483373.92231476,19249562.5
2023-01-02,575250.0,16613.71,229347.0,687118.9776571828,274241331.1734265,19250225.0
2023-01-03,645565.0,16671.54,272055.0,826711.6094618037,261883481.8059322,19251556.25
2023-01-04,652878.0,16669.6,277936.0,873364.0109654499,242356482.01087618,19252225.0
2023-01-05,682119.0,16850.63,279391.0,880423.9940730534,266083690.039913,19252887.5
2023-01-06,685990.0,16826.41,276071.0,996723.0636320307,305064103.23047346,19254237.5
2023-01-07,601071.0,16951.97,246679.0,746382.9465509554,260999288.3194051,19254900.0
2023-01-08,565595.0,16945.2,228488.0,713516.5269486653,259304487.74590245,19256231.25
2023-01-09,662916.0,17108.41,287347.0,1053342.293093283,257609687.17239982,19256893.75
2023-01-10,695664.0,17192.07,302809.0,976337.6001155049,286421296.9219445,19258225.0
2023-01-11,661284.0,17443.68,287494.0,861426.9800475255,249135684.30488667,19258887.5
2023-01-12,717816.0,17934.6,315980.0,1084938.9204250053,255914886.59889722,19260212.5
2023-01-13,743545.0,18859.32,316549.0,1086017.6112302993,269473291.1869182,19260875.0
2023-01-14,725858.0,19933.36,309880.0,923781.2199786324,289810898.0689498,19262200.0
2023-01-15,605147.0,20955.15,252086.0,752455.5370939483,280250606.7848099,19262862.5
2023-01-16,677371.0,20880.99,302804.0,828838.3479693823,274688843.2470833,19264187.5
2023-01-17,680259.0,21190.49,308715.0,1006166.2339713434,291506527.527517,19264850.0
2023-01-18,681758.0,21145.18,300045.0,900026.6785086121,261608422.14007932,19266181.25
2023-01-19,684950.0,20672.78,298919.0,814820.2785567177,270951580.07365364,19266843.75
2023-01-20,702080.0,21087.76,295822.0,827030.5738233835,246659369.44636056,19267506.25
2023-01-21,676478.0,22693.45,287860.0,838929.5034871416,257871158.96664968,19268175.0
2023-01-22,610248.0,22772.5,250760.0,650097.114125325,282163369.59394276,19269500.0
2023-01-23,651866.0,22724.23,293709.0,848769.1028921938,295243790.7009466,19270162.5
2023-01-24,660507.0,22924.37,292970.0,759210.1265135878,241053474.68621597,19271487.5
2023-01-25,687864.0,22634.47,306681.0,847506.3279130658,327010527.67509925,19272162.5
2023-01-26,669489.0,23089.74,296263.0,784070.9508340667,289637895.9408021,19273487.5
2023-01-27,699439.0,23008.29,303179.0,789086.1864345849,287769264.3540873,19274150.0
2023-01-28,637939.0,23075.81,268849.0,517435.0475324572,313930106.5680952,19275475.0
2023-01-29,616633.0,23032.23,258583.0,573135.4241984705,311001352.7915209,19276137.5
2023-01-30,667280.0,23755.85,309909.0,924370.8234399521,269948142.5149194,19277462.5
2023-01-31,709466.0,22836.09,313500.0,908323.2859659084,224956785.42909947,19278125.0
2023-02-01,745886.0,23133.91,345561.0,911899.7637717149,267991996.55466637,19278787.5
2023-02-02,752262.0,23722.02,340169.0,776455.8471580569,283641164.23669064,19279450.0
2023-02-03,738211.0,23454.41,315951.0,809822.7737551205,260167412.7136542,19280781.25
2023-02-04,691143.0,23440.09,304495.0,507403.12963310286,266035850.5944133,19281443.75
2023-02-05,594717.0,23328.24,254113.0,540584.5652039285,297334185.95846194,19282106.25
2023-02-06,663760.0,22936.95,301977.0,671736.8866659637,289509602.11744976,19283431.25
2023-02-07,688379.0,22763.74,300429.0,630915.6804094125,277772726.3559315,19284100.0
2023-02-08,682912.0,23254.79,316963.0,659626.1379652941,269948142.5149194,19284762.5
2023-02-09,783722.0,22964.87,369499.0,828184.7830230664,316895645.5609923,19286087.5
2023-02-10,700869.0,21794.05,300092.0,1382005.0176888267,287553456.1571967,19286750.0
2023-02-11,654726.0,21638.55,280319.0,834625.6894330408,291465748.0777028,19288075.0
2023-02-12,617837.0,21861.84,259642.0,699951.654461246,313943411.7760057,19288737.5
2023-02-13,666916.0,21787.25,299329.0,872938.391430793,303650131.9290037,19290062.5
2023-02-14,675701.0,21787.99,302653.0,764498.9395732475,299757181.5196575,19290725.0
2023-02-15,723537.0,22211.8,325460.0,814499.2646493865,317275458.3617154,19292093.75
2023-02-16,759215.0,24340.73,344711.0,1009943.341510831,348419061.63648504,19292756.25
2023-02-17,716489.0,23544.67,321260.0,930402.371133152,321168408.7710616,19294087.5
2023-02-18,656568.0,24572.97,276798.0,606231.260338933,327007834.38508093,19294750.0
2023-02-19,569883.0,24641.94,240406.0,498507.2752584315,315328983.1570423,19296081.25
2023-02-20,615969.0,24290.18,270081.0,698279.6512245615,286131855.0869458,19296756.25
2023-02-21,654981.0,24834.81,290457.0,835617.7136777074,325061359.18040776,19298087.5
2023-02-22,660490.0,24438.1,282319.0,813277.0999975661,272506528.65423405,19298750.0
2023-02-23,693262.0,24185.67,290728.0,840061.7218984256,332847259.9991002,19300081.25
2023-02-24,695824.0,23946.39,294562.0,850392.1135070135,262774152.6308686,19300743.75
2023-02-25,626600.0,23192.02,258413.0,569976.5627770093,227840889.77873334,19301406.25
2023-02-26,628404.0,23176.76,277103.0,550687.8074531516,359556658.1833338,19302737.5
2023-02-27,644967.0,23563.11,292748.0,762396.4265359509,299630548.4861114,19303406.25
2023-02-28,731797.0,23497.62,332358.0,840027.3876563639,293209893.8756949,19304068.75
2023-03-01,826824.0,23128.3,381932.0,843483.4423087206,363837094.5902782,19305400.0
2023-03-02,726383.0,23641.68,330047.0,818901.8536589129,308191421.3000004,19306062.5
2023-03-03,807383.0,23467.36,355273.0,951626.1473830347,359556658.1833338,19307387.5
2023-03-04,678996.0,22351.72,306300.0,574022.9648788829,325313166.92777824,19308050.0
2023-03-05,630099.0,22348.51,286638.0,583585.3670274826,331733821.53819484,19309387.5
2023-03-06,671836.0,22427.56,316016.0,769803.719008818,282508802.8583337,19310056.25
2023-03-07,771846.0,22410.62,362082.0,933882.0142559491,353136003.57291716,19310718.75
2023-03-08,656385.0,22197.49,292493.0,868038.8880111082,284649021.0618059,19312043.75
2023-03-09,700965.0,21698.33,336854.0,844190.9544382605,288929457.4687504,19312706.25
2023-03-10,762121.0,20363.36,329334.0,996440.5874226227,291564668.6842239,19313368.75
2023-03-11,721567.0,20224.85,319707.0,939584.3290062778,357219695.9219277,19314693.75
2023-03-12,621363.0,20656.78,265555.0,669286.141021785,348559824.50563854,19315356.25
2023-03-13,725571.0,22205.32,333107.0,1160391.5569376382,339899953.08934945,19316681.25
2023-03-14,728811.0,24213.74,327892.0,1168826.667879912,316085306.6945542,19317350.0
2023-03-15,750215.0,24767.46,345059.0,983348.8119349885,318250274.5486265,19318675.0
2023-03-16,687640.0,24376.39,295049.0,863763.3500342907,290105692.4456867,19319337.5
2023-03-17,768841.0,25053.64,338823.0,1149279.6105812485,318250274.5486265,19320000.0
2023-03-18,691597.0,27462.77,296890.0,785430.403832501,350724792.3597108,19321325.0
2023-03-19,619482.0,26975.39,269131.0,885659.792759561,320415242.4026988,19321987.5
2023-03-20,725399.0,28045.84,341288.0,1314125.8818504855,333405049.5271326,19323318.75
2023-03-21,708659.0,27790.89,327932.0,1158929.578828573,313920338.84048194,19323981.25
2023-03-22,688658.0,28191.53,297575.0,1050567.9442643155,344229888.79749393,19324650.0
2023-03-23,677191.0,27306.32,295245.0,1044625.1635736703,398152679.74955547,19325993.75
2023-03-24,683787.0,28332.42,292095.0,1093192.698290044,377232885.49311894,19327325.0
2023-03-25,659846.0,27496.2,290197.0,741608.2616849393,337646718.49692744,19327987.5
2023-03-26,594775.0,27496.06,261243.0,736387.1193340364,335318120.4383279,19328650.0
2023-03-27,668827.0,27999.84,296557.0,1118894.8762678185,344632512.6727259,19329975.0
2023-03-28,684623.0,27141.23,316281.0,1145221.3420200294,312032139.85233283,19330637.5
2023-03-29,727221.0,27274.72,334637.0,1120186.1227902586,342303914.6141264,19331300.0
2023-03-30,727172.0,28355.92,326347.0,1514168.42260279,360932699.0829224,19332625.0
2023-03-31,732643.0,28033.06,308386.0,1077365.2317676176,328332326.2625294,19333293.75
2023-04-01,702374.0,28479.75,319646.0,787630.2735557841,326003728.2039299,19333956.25
2023-04-02,659613.0,28465.04,341622.0,753672.8191899671,346961110.73132545,19335287.5
2023-04-03,681747.0,28185.2,332870.0,1064866.0830620634,305046345.6765345,19335950.0
2023-04-04,809319.0,27802.23,421130.0,1098520.0570018173,377232885.49311894,19337281.25
2023-04-05,719774.0,28169.5,346885.0,1117417.629261955,323675130.1453304,19337943.75
2023-04-06,740308.0,28180.4,354019.0,1031407.7811353279,375327217.1632722,19338606.25
2023-04-07,739977.0,28039.94,355031.0,772690.6651893914,338032942.16648775,19339950.0
2023-04-08,661759.0,27925.55,318505.0,583223.4414883022,349935510.5526316,19340618.75
2023-04-09,570129.0,27956.01,278404.0,591051.8908094617,347554996.87540287,19341943.75
2023-04-10,633252.0,28336.18,289625.0,947863.3777688831,292803182.2991408,19342606.25
2023-04-11,793340.0,29656.24,385002.0,963260.8709968253,366599106.2932332,19343275.0
2023-04-12,714277.0,30234.98,338102.0,1182479.7309788892,380882188.3566059,19344600.0
2023-04-13,720191.0,29899.24,332042.0,778872.4000004624,338032942.16648775,19345262.5
2023-04-14,729076.0,30407.6,315959.0,1029306.275224179,333271914.81203014,19345931.25
2023-04-15,644020.0,30486.05,276185.0,768118.8016758239,376121161.0021483,19347262.5
2023-04-16,558992.0,30319.32,232268.0,634651.9199273577,295183695.97636956,19347925.0
2023-04-17,665181.0,30315.39,316193.0,1100206.0671141814,368979619.9704619,19348593.75
2023-04-18,680093.0,29447.1,312522.0,799434.5492856022,395165270.4199787,19349918.75
2023-04-19,680099.0,30393.64,301722.0,786134.4406258309,330891401.13480145,19350581.25
2023-04-20,675813.0,28829.57,296683.0,788964.6979591247,319313867.4340018,19351906.25
2023-04-21,771581.0,28243.02,352218.0,838265.8303889454,351118490.9644334,19352568.75
2023-04-22,652782.0,27267.99,354752.0,553571.7770469534,360804518.3013832,19353231.25
2023-04-23,604273.0,27816.18,432760.0,487623.2553658754,355961504.6329083,19354556.25
2023-04-24,634746.0,27590.55,360173.0,815330.5543160394,341432463.6274834,19355218.75
2023-04-25,663868.0,27516.48,369843.0,797672.5708803484,302688354.2796839,19355887.5
2023-04-26,668682.0,28301.71,436461.0,897233.8573899134,314795888.4508713,19356550.0
2023-04-27,673213.0,28429.72,418912.0,869057.0062128896,314795888.4508713,19357881.25
2023-04-28,725813.0,29480.35,483522.0,863516.8474436153,355961504.6329083,19358543.75
2023-04-29,628996.0,29329.63,486031.0,589539.4343604173,331746436.2905336,19359206.25
2023-04-30,612597.0,29244.68,568516.0,676938.3538977067,358383011.4671458,19360531.25
2023-05-01,697731.0,29264.14,682281.0,816867.80037674,440714243.83121973,19361193.75
2023-05-02,620729.0,28086.65,457708.0,673165.5041069923,312374381.6166337,19362537.5
2023-05-03,728440.0,28678.29,489559.0,951363.8871065668,341432463.6274834,19363200.0
2023-05-04,680011.0,29007.66,491123.0,838973.7156321363,351888475.1483047,19363862.5
2023-05-05,652054.0,28851.84,411429.0,821755.2957860519,283977798.47865146,19364525.0
2023-05-06,619770.0,29535.38,601134.0,872788.127934755,355568840.1119249,19365850.0
2023-05-07,482095.0,28903.41,607883.0,1020109.309876,331705159.5675005,19366512.5
2023-05-08,552358.0,28456.84,575051.0,800540.696421211,326932423.4586156,19367175.0
2023-05-09,586519.0,27691.41,598256.0,745971.0085325907,360341576.2208098,19368500.0
2023-05-10,686423.0,27640.09,671668.0,847529.6317737019,405682569.25521636,19369162.5
2023-05-11,596717.0,27617.14,546549.0,854687.5777519386,360341576.2208098,19370487.5
2023-05-12,604937.0,26993.2,509159.0,961567.3125304152,336477895.6763853,19371150.0
2023-05-13,553742.0,26803.05,575640.0,527760.2436363552,346023367.89415514,19372475.0
2023-05-14,565005.0,26785.94,631677.0,521803.0704965116,415228041.47298616,19373137.5
2023-05-15,579485.0,26926.17,526379.0,718574.0874533715,350796104.00303996,19374462.5
2023-05-16,625496.0,27191.97,566462.0,884090.8603749563,365114312.32969475,19375137.5
2023-05-17,627113.0,27036.39,583454.0,836811.1948932902,381818888.7107919,19376462.5
2023-05-18,603811.0,27398.27,476704.0,834936.154466927,344768089.144806,19377125.0
2023-05-19,664491.0,26833.27,515474.0,731605.8663496075,369469365.7613961,19377793.75
2023-05-20,559902.0,26889.6,423736.0,488585.64961757895,322669912.76495266,19379118.75
2023-05-21,542208.0,27124.48,486625.0,532324.9063328151,371932494.8664721,19379781.25
2023-05-22,604303.0,26756.57,499281.0,837237.7582461869,354690591.1309403,19380443.75
2023-05-23,636984.0,26849.97,519870.0,948190.1385855927,379321882.1817001,19381768.75
2023-05-24,617027.0,27223.19,405521.0,991723.4285446507,347301203.81571233,19382431.25
2023-05-25,689359.0,26327.38,460167.0,849143.1488337782,371932494.8664721,19383756.25
2023-05-26,738629.0,26477.29,532373.0,720918.5863451165,376858753.07662404,19384418.75
2023-05-27,672783.0,26719.74,471633.0,541931.8974443405,357153720.2360163,19385081.25
2023-05-28,647993.0,26873.18,496158.0,630627.1936986909,394100656.8121559,19386406.25
2023-05-29,664954.0,28082.7,550324.0,880581.2657687835,399026915.0223079,19387068.75
2023-05-30,713954.0,27744.66,515246.0,1012502.2653398761,379321882.1817001,19388400.0
2023-05-31,709100.0,27704.0,421579.0,1390860.7624147716,349729770.9452385,19389062.5
2023-06-01,678136.0,27213.71,355986.0,1100258.0897132698,336187209.4940784,19389725.0
2023-06-02,721266.0,26814.77,479437.0,1256071.1651489728,417687139.0684004,19391068.75
2023-06-03,635282.0,27251.93,381453.0,819875.2366021198,331093463.8956832,19391737.5
2023-06-04,588801.0,27073.27,364020.0,962564.3928059011,376937174.2812394,19393062.5
2023-06-05,610475.0,27125.02,359254.0,1536383.675306426,351468446.2892638,19393725.0
2023-06-06,763100.0,25747.2,462072.0,1353634.713884442,384577792.6788321,19394393.75
2023-06-07,734954.0,27243.64,433781.0,1020736.8918145619,343827827.89167106,19395718.75
2023-06-08,682296.0,26352.2,407006.0,1059386.5714597565,392218411.07642484,19396387.5
2023-06-09,676835.0,26507.33,387084.0,1118985.1425051205,430421503.0643882,19397718.75
2023-06-10,643676.0,26483.52,365369.0,1031633.6773464434,392218411.07642484,19398381.25
2023-06-11,561469.0,25852.82,399201.0,1025490.6997306608,415140266.2692028,19399706.25
2023-06-12,617352.0,25933.06,370634.0,1167701.6224063758,399859029.4740175,19400368.75
2023-06-13,682607.0,25904.32,410483.0,1001925.9582235044,374390301.4820418,19401031.25
2023-06-14,633244.0,25921.42,330658.0,960062.1867403256,312388214.96659184,19402362.5
2023-06-15,689182.0,25127.04,423069.0,931644.1196554066,385148460.1631553,19403025.0
2023-06-16,765014.0,25575.69,512202.0,992766.0933379089,398160232.4659646,19403687.5
2023-06-17,662278.0,26326.23,475252.0,677173.3202912217,364329624.47866035,19405018.75
2023-06-18,661930.0,26509.82,439868.0,755464.6991560179,392955523.5448409,19405681.25
2023-06-19,614017.0,26337.08,415604.0,957852.9124955928,369534333.3997841,19406343.75
2023-06-20,746599.0,26848.8,447715.0,1060969.171650034,353920206.636413,19407675.0
2023-06-21,693078.0,28326.8,363280.0,1219055.77862459,314884889.72798514,19408337.5
2023-06-22,722789.0,29992.98,392041.0,1175385.9885338095,356522561.09697485,19409000.0
2023-06-23,707501.0,29903.73,374001.0,1059356.2074180439,325294307.5702325,19409662.5
2023-06-24,683837.0,30692.8,361437.0,729531.7530779238,379943751.2420316,19410993.75
2023-06-25,656558.0,30548.59,382769.0,776166.1887162057,398160232.4659646,19411656.25
2023-06-26,692095.0,30458.97,403979.0,1042169.6958935944,379943751.2420316,19412987.5
2023-06-27,707936.0,30266.7,434858.0,989993.555701595,364329624.47866035,19413650.0
2023-06-28,627350.0,30699.11,331278.0,931843.2289083635,280545974.4417444,19414312.5
2023-06-29,726305.0,30083.59,438193.0,1141335.525933798,367574940.3012432,19414975.0
2023-06-30,753791.0,30449.16,445197.0,1147700.6111096765,397786579.2301125,19416300.0
2023-07-01,622117.0,30471.5,324274.0,760626.7491408052,334845664.7949681,19416962.5
2023-07-02,534333.0,30591.53,309920.0,589951.4184571125,430515854.7363876,19418293.75
2023-07-03,655439.0,30618.25,328114.0,929045.208527094,344916211.10459125,19418962.5
2023-07-04,645583.0,31150.92,378556.0,877207.5105269701,357504393.99162006,19419637.5
2023-07-05,716586.0,30774.87,493478.0,843727.5042979434,390233669.4978951,19420962.5
2023-07-06,709055.0,30502.55,392688.0,928908.8471467932,349951484.25940275,19421625.0
2023-07-07,773326.0,29918.04,556014.0,924497.3383687681,440586401.04601073,19422956.25
2023-07-08,695972.0,30344.53,573697.0,708110.538873335,448139310.7782279,19423618.75
2023-07-09,732590.0,30214.55,594265.0,721745.7382179768,425480581.581576,19424956.25
2023-07-10,679425.0,30214.55,507115.0,913774.6374530159,387716032.92048943,19425618.75
2023-07-11,686922.0,30411.71,432293.0,815970.1876022136,339880937.9497796,19426950.0
2023-07-12,752660.0,30622.7,478320.0,904499.0041863366,382989765.58074266,19427618.75
2023-07-13,678891.0,30391.64,375859.0,930321.1689789483,321592673.51184636,19428281.25
2023-07-14,760021.0,31485.37,421666.0,946356.1511906988,369831574.5386234,19428943.75
2023-07-15,732135.0,30330.22,484980.0,680788.2195990614,369831574.5386234,19430275.0
2023-07-16,732664.0,30291.67,595145.0,686696.6677355781,415390536.6194682,19430937.5
2023-07-17,703876.0,30240.28,428612.0,865536.8885895377,364471696.6467593,19431600.0
2023-07-18,775244.0,30144.2,582684.0,1109685.0647468467,434150109.2409926,19432925.0
2023-07-19,745057.0,29859.24,480249.0,894747.3018870612,396630963.9979439,19433593.75
2023-07-20,685150.0,29912.48,400400.0,864106.069914619,343032185.0793028,19434918.75
2023-07-21,657357.0,29802.29,323847.0,744311.1848481537,300153161.94439,19435581.25
2023-07-22,556589.0,29907.88,288750.0,526723.2991480043,359111818.75489503,19436243.75
2023-07-23,691587.0,29774.36,559624.0,535511.3570369008,393951025.0520118,19436906.25
2023-07-24,704020.0,30081.88,529923.0,752843.9563626994,401990841.889808,19438231.25
2023-07-25,734826.0,29178.42,462586.0,691905.0381751502,369831574.5386234,19438893.75
2023-07-26,737067.0,29226.18,452746.0,701005.7520180536,381190141.57452464,19439556.25
2023-07-27,713630.0,29344.56,413038.0,739623.5062808398,358973121.2673339,19440887.5
2023-07-28,720574.0,29213.94,449225.0,786619.9205024065,364175630.2712082,19441550.0
2023-07-29,694496.0,29316.12,423119.0,536663.1513000766,343365594.25571066,19442212.5
2023-07-30,800500.0,29359.89,645854.0,625826.0802420053,437010756.32545,19443543.75
2023-07-31,677346.0,29274.94,445666.0,797988.1651391743,366776884.7731455,19444206.25
2023-08-01,734323.0,29228.49,412219.0,757590.1896860533,361574375.76927114,19444881.25
2023-08-02,698941.0,29683.61,390768.0,689168.2335844436,400593193.2983291,19446218.75
2023-08-03,716303.0,29152.45,476007.0,690635.5035073283,392789429.79251754,19446881.25
2023-08-04,641787.0,29183.41,318486.0,660473.318010671,314751794.7344015,19447543.75
2023-08-05,729623.0,29075.0,500723.0,581305.9063528628,400593193.2983291,19448875.0
2023-08-06,771973.0,29048.01,607275.0,505741.6315525863,426605738.3177011,19449537.5
2023-08-07,676210.0,29041.01,427534.0,894423.968834785,379783157.2828315,19450862.5
2023-08-08,616643.0,29181.71,331194.0,898828.7357188861,325156812.74215025,19451525.0
2023-08-09,735662.0,29768.29,506746.0,873150.8440148145,421650114.697692,19452187.5
2023-08-10,711323.0,29565.82,358039.0,941072.4194874854,330756213.4390739,19453512.5
2023-08-11,733810.0,29433.98,506538.0,818625.1948242271,393261324.6401588,19454175.0
2023-08-12,703004.0,29399.18,503934.0,735684.3152142507,434931398.7742153,19455500.0
2023-08-13,650366.0,29412.84,497112.0,623711.5013007269,351591250.5061022,19456162.5
2023-08-14,723900.0,29283.84,568517.0,858431.9676072722,445348917.3077294,19456837.5
2023-08-15,786113.0,29413.8,583063.0,802670.9238196025,445348917.3077294,19458162.5
2023-08-16,669749.0,29169.09,566878.0,911735.1443696149,424513880.24070114,19459493.75
2023-08-17,769086.0,28701.48,502274.0,1218979.2684066624,406283222.8070514,19460156.25
2023-08-18,783855.0,26662.05,423207.0,1007438.471284616,362008769.0396163,19460825.0
2023-08-19,628343.0,26047.05,519780.0,663964.7805194064,364613148.6729948,19462150.0
2023-08-20,691316.0,26090.7,612461.0,603806.4123802828,421909500.6073226,19462812.5
2023-08-21,739287.0,26189.99,550074.0,1018065.9101324095,429722639.5074582,19464143.75
2023-08-22,633631.0,26123.41,420857.0,1052524.2971763501,380936887.22817194,19464812.5
2023-08-23,652036.0,26036.91,417822.0,1064131.316912779,392623891.9211836,19465475.0
2023-08-24,660102.0,26426.74,399151.0,860217.3442902141,384329020.9651023,19466800.0
2023-08-25,706946.0,26165.4,425192.0,782152.4920206256,373269193.0236605,19467462.5
2023-08-26,747932.0,26049.42,497513.0,578582.579021297,378799106.9943814,19468131.25
2023-08-27,606069.0,26006.44,413594.0,787372.4156331917,320735010.301812,19468793.75
2023-08-28,636935.0,26088.78,331345.0,906625.1624644278,326264924.27253294,19470118.75
2023-08-29,767879.0,26108.31,500301.0,996346.5106168978,436863203.68695074,19470781.25
2023-08-30,665354.0,27731.23,408001.0,996724.5943991679,348384580.1554164,19471443.75
2023-08-31,742110.0,27301.12,437435.0,819757.2092510327,398153805.89190453,19472768.75
2023-09-01,769950.0,25932.99,419548.0,928169.1347861827,417508504.7894277,19473431.25
2023-09-02,774348.0,25802.1,539748.0,606921.5389349965,420273461.77478814,19474093.75
2023-09-03,696368.0,25869.09,625257.0,485496.14223332715,436863203.68695074,19475418.75
2023-09-04,730142.0,25969.05,573196.0,647188.8686016449,411978590.8187068,19476087.5
2023-09-05,753968.0,25810.86,462093.0,710722.9375608144,342854666.18469554,19476750.0
2023-09-06,757286.0,25785.3,485357.0,697201.7018977725,364419397.2930779,19478087.5
2023-09-07,785059.0,25753.31,537939.0,696458.6362341515,393005453.9397736,19478750.0
2023-09-08,694292.0,26243.47,414799.0,644500.1684341887,358011817.6300677,19479412.5
2023-09-09,927787.0,25906.03,597409.0,551899.9279059257,406464544.828122,19480737.5
2023-09-10,847065.0,25894.31,558395.0,637600.8716637564,395697272.1174433,19481400.0
2023-09-11,719793.0,25832.82,459132.0,735758.9171780561,427999090.2494795,19482725.0
2023-09-12,784703.0,25162.7,462328.0,819176.0997951363,379546363.0514252,19483387.5
2023-09-13,802393.0,25835.7,512446.0,674613.8558888587,395697272.1174433,19484050.0
2023-09-14,875176.0,26227.98,576215.0,766395.1866184828,436074544.7824885,19485375.0
2023-09-15,1017545.0,26536.02,703692.0,862601.821892855,506061817.40190023,19486700.0
2023-09-16,876224.0,26605.75,593144.0,646453.4051869381,417231817.5388007,19487362.5
2023-09-17,854606.0,26568.65,611220.0,579312.6680833617,401080908.4727827,19488687.5
2023-09-18,852484.0,26536.54,635845.0,786799.8709506921,419923635.7164705,19489356.25
2023-09-19,741822.0,26763.76,493887.0,857700.7318293995,385677556.7313763,19490025.0
2023-09-20,823616.0,27222.12,551783.0,934869.1977800953,414558853.7494199,19491350.0
2023-09-21,763149.0,27133.55,431540.0,713940.1414752995,391843300.11931473,19492012.5
2023-09-22,757791.0,26569.6,441679.0,641040.2709766598,366288302.28544635,19492675.0
2023-09-23,882768.0,26581.86,629617.0,475221.1890916567,442953295.78705144,19494006.25
2023-09-24,685778.0,26580.72,441181.0,484248.7905176981,414558853.7494199,19494668.75
2023-09-25,635909.0,26252.75,285750.0,817480.6791258983,411719409.5456568,19495331.25
2023-09-26,624716.0,26293.29,309789.0,663249.4261004181,386164411.7117884,19496656.25
2023-09-27,621414.0,26212.82,337265.0,761678.5738837138,445792739.99081457,19497318.75
2023-09-28,639899.0,26357.65,378975.0,811180.6621705698,414558853.7494199,19498656.25
2023-09-29,713902.0,27021.15,330269.0,889802.4018919835,417398297.95318305,19499318.75
2023-09-30,625600.0,26916.91,275474.0,653579.8884727863,391843300.11931473,19499987.5
2023-10-01,613394.0,26970.43,320516.0,555174.5091978626,400361632.7306042,19501312.5
2023-10-02,691873.0,27983.92,344263.0,1106424.6598192258,445792739.99081457,19501975.0
2023-10-03,676161.0,27532.51,310664.0,839377.0868773581,466751379.41330886,19503300.0
2023-10-04,638418.0,27430.23,287430.0,982241.5967700147,373280259.4846018,19503962.5
2023-10-05,687363.0,27797.56,319310.0,1075503.1105322603,401774935.7811363,19504625.0
2023-10-06,679001.0,27416.69,298650.0,1060461.4885922582,455914820.74455184,19505950.0
2023-10-07,596825.0,27946.61,244567.0,808983.5326528918,487258964.67073977,19506612.5
2023-10-08,557949.0,27973.26,242440.0,633374.1145192062,421721209.1887104,19507937.5
2023-10-09,599404.0,27937.18,283648.0,749422.1336482924,444516950.225938,19508612.5
2023-10-10,629505.0,27581.42,285060.0,832238.8224496931,461613756.0038587,19509943.75
2023-10-11,607097.0,27395.65,264600.0,875875.9047509906,455914820.74455184,19510606.25
2023-10-12,624747.0,26867.79,267090.0,760762.37414114,470162158.89281905,19511931.25
2023-10-13,662518.0,26758.66,279518.0,648945.8177091569,393226532.892176,19512593.75
2023-10-14,612783.0,26866.51,265220.0,723954.052875498,416022273.9294035,19513262.5
2023-10-15,571061.0,26855.89,251923.0,521404.4774855384,475861094.15212595,19514593.75
2023-10-16,652765.0,27167.87,299782.0,980831.3438038469,416156889.9191482,19515256.25
2023-10-17,645537.0,28517.32,294257.0,871217.822683054,491483968.444345,19516600.0
2023-10-18,613906.0,28413.17,271345.0,824492.3992597901,439908490.27425945,19517268.75
2023-10-19,649723.0,28331.5,282007.0,863816.6159477646,424739231.98894006,19517931.25
2023-10-20,705226.0,28723.49,295888.0,1023733.3276250362,406536122.04655695,19519275.0
2023-10-21,640544.0,29682.6,270621.0,635750.1866666463,455077748.5595787,19519943.75
2023-10-22,577606.0,29921.68,252457.0,635943.4782376734,464179303.53077024,19521268.75
2023-10-23,660705.0,29990.73,301780.0,1143455.3357889277,476314710.1590258,19521931.25
2023-10-24,755204.0,33059.98,373854.0,1449118.6271524176,382265308.79004604,19522600.0
2023-10-25,812853.0,33902.65,476549.0,1043657.6191705395,436874638.6171956,19523931.25
2023-10-26,778594.0,34493.19,431256.0,930192.4649175463,455077748.5595787,19524593.75
2023-10-27,801082.0,34157.79,452816.0,866540.942920581,467213155.18783414,19525256.25
2023-10-28,819540.0,33911.08,564383.0,624077.5307340743,485416265.1302173,19526587.5
2023-10-29,672955.0,34090.68,410290.0,632022.7348626802,415637677.0177486,19527256.25
2023-10-30,779588.0,34532.39,463202.0,971381.7090326692,482540025.495944,19528593.75
2023-10-31,782062.0,34501.0,433751.0,794305.524227686,481286782.8761844,19529256.25
2023-11-01,796206.0,34662.16,463644.0,841010.4788962676,462656326.7648482,19530581.25
2023-11-02,806444.0,35440.51,403541.0,841099.2868209039,447130946.6720681,19531256.25
2023-11-03,789502.0,34934.65,452354.0,844764.9940459207,422290338.52361983,19531918.75
2023-11-04,957847.0,34736.55,698917.0,620931.6840370293,521652771.1174128,19533256.25
2023-11-05,891683.0,35088.05,673375.0,548298.5720350201,506127391.02463263,19533918.75
2023-11-06,725183.0,35048.35,439319.0,779204.661944023,394344654.35661566,19534581.25
2023-11-07,737771.0,35035.12,450371.0,794109.7030101281,412975110.4679518,19535906.25
2023-11-08,837044.0,35436.28,583201.0,860092.4473477625,462656326.7648482,19536568.75
2023-11-09,832393.0,35629.52,573466.0,1099687.9005164949,444025870.65351206,19537231.25
2023-11-10,848433.0,36696.25,523831.0,842257.7705804303,478181706.85762835,19538562.5
2023-11-11,894325.0,37321.65,627529.0,691936.2820149093,496812162.9689646,19539225.0
2023-11-12,880975.0,37140.27,703327.0,615510.886602048,506083624.1310116,19540587.5
2023-11-13,670301.0,37058.98,428507.0,787410.0338639724,389037994.7160368,19541250.0
2023-11-14,745056.0,36497.35,523422.0,940829.7244883642,443696225.37862045,19541912.5
2023-11-15,770577.0,35545.97,561942.0,830435.4208050476,475848125.7683755,19543243.75
2023-11-16,813390.0,37891.48,628426.0,870584.592796781,475848125.7683755,19543906.25
2023-11-17,760684.0,36155.5,536644.0,753044.601033206,482278505.8463265,19545237.5
2023-11-18,748237.0,36624.3,629266.0,489096.77649118187,479063315.80735093,19545906.25
2023-11-19,806772.0,36588.13,710579.0,563125.2194799593,546582306.6258367,19547237.5
2023-11-20,804527.0,37396.17,640670.0,935653.867484618,533721546.46993476,19547900.0
2023-11-21,779702.0,37479.96,522593.0,961211.3931708874,488708885.9242776,19549225.0
2023-11-22,777966.0,35808.95,535829.0,926218.3601648697,456556985.5345224,19549887.5
2023-11-23,771284.0,37427.42,587706.0,718858.501290789,472632935.72940004,19550550.0
2023-11-24,841609.0,37297.56,623898.0,893910.9051773447,540151926.5478858,19551875.0
2023-11-25,861295.0,37720.5,617234.0,644465.7944047297,511215216.1971062,19552537.5
2023-11-26,817987.0,37800.94,578484.0,673446.2799108957,492891191.48160595,19553862.5
2023-11-27,759608.0,37468.89,479487.0,851459.6800966004,439166010.2949663,19554531.25
2023-11-28,713884.0,37248.86,447662.0,818304.8082198857,496595411.64123106,19555193.75
2023-11-29,646160.0,37832.75,360588.0,877558.2599001294,459435210.7701186,19556518.75
2023-11-30,701654.0,37867.37,411882.0,892629.060238434,452678810.6117344,19557181.25
2023-12-01,844580.0,37711.79,496468.0,1034559.7587734926,570915813.3834561,19557843.75
2023-12-02,689877.0,38697.81,429362.0,752228.6714345356,429031410.0573902,19559175.0
2023-12-03,777188.0,39476.4,707876.0,735900.05887303,557403013.066688,19559837.5
2023-12-04,763939.0,39976.04,570395.0,1103651.3883924994,523621012.2747674,19561168.75
2023-12-05,674260.0,41985.55,514962.0,981031.4626103486,466191610.9285027,19561831.25
2023-12-06,642605.0,44076.76,467795.0,1015781.2034854849,459435210.7701186,19562493.75
2023-12-07,647634.0,43745.3,372050.0,883608.2120218133,388493009.1070856,19563162.5
2023-12-08,682971.0,43298.7,411456.0,988756.835160918,456057010.69092655,19564487.5
2023-12-09,739198.0,44184.18,587398.0,620138.3338936784,530377412.4331516,19565150.0
2023-12-10,664453.0,43709.41,536175.0,542429.625018812,469318617.5512489,19565825.0
2023-12-11,690909.0,43787.81,525486.0,989249.9823570077,528635575.20314026,19567156.25
2023-12-12,688671.0,41238.31,543162.0,933081.9649746428,481794448.2864064,19567818.75
2023-12-13,617899.0,41458.49,587920.0,843132.1754219589,498523422.18524003,19569150.0
2023-12-14,573978.0,42887.09,570985.0,832528.1601530511,488486037.84593976,19569812.5
2023-12-15,706714.0,43023.24,632636.0,762714.3224830151,545364549.1019738,19571143.75
2023-12-16,636391.0,41934.71,638144.0,562623.870095735,508560806.52454,19571806.25
2023-12-17,570690.0,42236.81,616808.0,439251.4840201639,501869216.9650066,19572468.75
2023-12-18,715198.0,41341.9,640936.0,761507.3940890749,562093523.0008074,19573806.25
2023-12-19,684666.0,41264.8,662880.0,739339.040509857,542018754.3222071,19574468.75
2023-12-20,659068.0,42262.62,582506.0,818436.5928003542,485140243.06617314,19575800.0
2023-12-21,699086.0,43639.9,588137.0,739898.9721038195,488486037.84593976,19576468.75
2023-12-22,772558.0,43870.89,625531.0,841910.2517605287,562093523.0008074,19577800.0
2023-12-23,683793.0,43996.78,608479.0,455025.33540234866,560327733.6667341,19578468.75
2023-12-24,731313.0,43742.33,723459.0,556013.3628918806,612085087.5512694,19579793.75
2023-12-25,572121.0,43013.46,535741.0,483294.8998189989,497542848.9451839,19580468.75
2023-12-26,582914.0,43599.61,553693.0,792402.6290276292,497542848.9451839,19581131.25
2023-12-27,647166.0,42514.79,545556.0,769805.8112292612,461748399.3807821,19582462.5
2023-12-28,593042.0,43470.76,417180.0,699797.5575179269,433112839.72926086,19583125.0
2023-12-29,703116.0,42609.23,581449.0,814091.9117819318,540496188.4224659,19583787.5
2023-12-30,599027.0,42086.22,533823.0,623064.0192605776,519019518.6838249,19585112.5
2023-12-31,690255.0,42148.38,731351.0,576558.8346982774,558393413.2046669,19585775.0
2024-01-01,624628.0,42249.69,657752.0,531084.150002183,554813968.2482265,19587100.0
2024-01-02,550846.0,44176.26,367319.0,849250.0971626521,468907289.29366255,19587762.5
2024-01-03,677059.0,44958.98,502749.0,859376.1049896787,565552303.117547,19588425.0
2024-01-04,675009.0,42854.95,482557.0,1054460.9662835132,608505642.5948291,19589750.0
2024-01-05,645934.0,44190.1,420884.0,786108.938876529,493963403.98874366,19590412.5
2024-01-06,572161.0,44181.1,382140.0,562957.5240340626,509059003.5142141,19591737.5
2024-01-07,510040.0,43975.63,348688.0,574159.1902165897,429363547.6531167,19592400.0
2024-01-08,534011.0,43928.07,414359.0,847723.8606858483,447556918.3163843,19593068.75
2024-01-09,618468.0,46972.42,468088.0,1141429.2030418406,553078468.1633366,19593731.25
2024-01-10,605995.0,46143.31,383774.0,1314482.10716057,483943659.64291966,19594393.75
2024-01-11,664879.0,46649.42,449075.0,1151912.7137586211,629490624.9490609,19595718.75
2024-01-12,596693.0,46355.63,375872.0,1449244.7128505434,611297254.2857933,19597056.25
2024-01-13,715186.0,42843.98,652483.0,710384.3723402618,578549187.0919114,19597718.75
2024-01-14,616604.0,42837.18,591806.0,505892.7215943405,465750288.9796519,19598387.5
2024-01-15,568802.0,41716.15,408499.0,707262.5146202807,414808851.1225025,19599050.0
2024-01-16,569684.0,42497.78,470122.0,921548.5755652138,454834266.5816914,19600375.0
2024-01-17,647470.0,43132.4,449415.0,1212120.6624939681,440279570.0510773,19601037.5
2024-01-18,678147.0,42742.78,484017.0,1135734.6767541606,516691726.83680135,19601700.0
2024-01-19,627719.0,41262.64,460763.0,943842.3750005119,480304985.51026607,19602362.5
2024-01-20,656529.0,41620.04,563331.0,531929.0963277022,513378340.1866717,19603700.0
2024-01-21,621585.0,41659.4,600202.0,569630.8010361745,489551347.763542,19604362.5
2024-01-22,620801.0,41557.6,457620.0,1101199.699350643,559487254.5869052,19605031.25
2024-01-23,600773.0,39505.09,368462.0,975329.3845440863,538506482.5398962,19606362.5
2024-01-24,564400.0,39856.34,372499.0,1109813.94372324,524519301.1752236,19607025.0
2024-01-25,573766.0,40068.49,340188.0,1011347.0135909269,632919956.7514365,19608356.25
2024-01-26,683719.0,39925.5,493218.0,1068360.6572443764,531512891.8575599,19609018.75
2024-01-27,718169.0,41813.44,597446.0,644834.4978352997,597952003.3397549,19610350.0
2024-01-28,731738.0,42124.31,636523.0,453363.43079407635,559487254.5869052,19611681.25
2024-01-29,697324.0,42030.81,575203.0,914777.7265904123,545500073.2222326,19612350.0
2024-01-30,687547.0,43274.65,523509.0,1131865.1352119178,503538529.1282147,19613012.5
2024-01-31,622142.0,42950.77,444450.0,1364459.5450457225,458080189.69302857,19614350.0
2024-02-01,680097.0,42557.22,413272.0,979837.4399123548,535009687.19872814,19615012.5
2024-02-02,691810.0,43061.16,429732.0,855293.3445844336,676117474.0216229,19616337.5
2024-02-03,668270.0,43183.04,515539.0,598002.5880065892,566738184.6284933,19617000.0
2024-02-04,539397.0,42991.51,336211.0,543747.42923018,581751116.6716322,19618331.25
2024-02-05,525379.0,42576.16,281482.0,848422.4388140986,585504349.682417,19618993.75
2024-02-06,521338.0,42653.29,278093.0,931934.0951972706,638049611.833403,19620325.0
2024-02-07,640781.0,43080.9,427538.0,845276.0410852857,600517281.7255559,19620993.75
2024-02-08,547079.0,44318.84,285101.0,960367.871170754,517946155.488292,19622337.5
2024-02-09,615935.0,45312.45,334084.0,1044842.7979372651,623036679.7902641,19623000.0
2024-02-10,637411.0,47134.54,399252.0,628824.7202395606,570491417.639278,19624325.0
2024-02-11,558692.0,47771.36,329938.0,637272.3414517256,514192922.47750723,19624987.5
2024-02-12,649038.0,48301.95,409911.0,972033.8426406131,671828708.9304657,19625675.0
2024-02-13,589286.0,49958.35,313178.0,1073805.9426457302,506686456.4559378,19627000.0
2024-02-14,586548.0,49739.24,296717.0,1231205.9039881432,521699388.49907666,19627668.75
2024-02-15,612859.0,51821.86,303306.0,977279.7990115773,605343973.9976323,19629000.0
2024-02-16,613011.0,51946.01,312782.0,935832.0518549574,544386616.4219546,19629675.0
2024-02-17,590229.0,52172.07,327713.0,559779.518774678,609388003.457412,19630343.75
2024-02-18,563861.0,51685.35,343417.0,575882.3368064534,491572989.4556458,19631006.25
2024-02-19,617452.0,52128.57,366108.0,829201.649221486,552511789.8013868,19632337.5
2024-02-20,638563.0,51782.08,397096.0,999200.0462741652,572824723.2499672,19633000.0
2024-02-21,630339.0,52269.58,369949.0,1026772.2064864694,560636963.180819,19633668.75
2024-02-22,642155.0,51862.86,365090.0,915552.6325839016,548449203.1116709,19634337.5
2024-02-23,679759.0,51303.43,409204.0,800371.3236551008,645951283.6648567,19635668.75
2024-02-24,591315.0,50727.66,340419.0,533906.6236928316,556574376.491103,19636331.25
2024-02-25,607478.0,51559.99,418801.0,540581.5104896213,666264217.113437,19637718.75
2024-02-26,620435.0,51727.76,356184.0,971510.2018384471,540324029.7322387,19638387.5
2024-02-27,674490.0,54529.54,387598.0,1246634.4317713974,524073682.9733743,19639056.25
2024-02-28,763915.0,57075.01,413800.0,1541489.9500146739,605325416.7676959,19640387.5
2024-02-29,772702.0,62498.79,407090.0,1357774.0425646154,540324029.7322387,19641050.0
2024-03-01,771270.0,61172.49,419284.0,1184688.5218418953,608054004.3789,19641712.5
2024-03-02,623680.0,62437.0,339311.0,597338.5521600866,500960510.12181586,19642375.0
2024-03-03,633897.0,62033.66,385447.0,637045.2390227353,611408496.6053661,19643700.0
2024-03-04,664743.0,63168.4,361258.0,1219310.001088403,508849652.01349825,19644362.5
2024-03-05,772888.0,68377.67,424347.0,1677292.222257344,658743347.9554589,19645687.5
2024-03-06,681667.0,63797.73,381934.0,1421341.4847051913,552239932.41775,19646350.0
2024-03-07,714978.0,66102.23,436344.0,1244924.7770505026,710022770.2513928,19647675.0
2024-03-08,716770.0,66937.0,426928.0,1202203.516032886,607463925.659525,19648337.5
2024-03-09,632927.0,68306.9,359029.0,678901.1819126946,642965064.1720946,19649681.25
2024-03-10,627815.0,68499.42,368196.0,724387.0443092716,564073645.2552733,19650343.75
2024-03-11,684136.0,69026.97,394098.0,1357921.6182553242,670577060.7929822,19651675.0
2024-03-12,677201.0,72121.18,341867.0,1382859.4734645602,556184503.3635911,19652337.5
2024-03-13,710767.0,71489.22,390118.0,1627008.3209837596,631131351.3345715,19653662.5
2024-03-14,663447.0,73094.37,329706.0,1276449.595494698,579720256.0482558,19654325.0
2024-03-15,749328.0,71394.36,307904.0,1154363.7750182091,529980321.6844611,19654987.5
2024-03-16,621787.0,69495.88,355760.0,633026.2899487747,600922569.4689952,19655650.0
2024-03-17,601779.0,65303.67,366109.0,685357.2176875502,609268716.2671757,19656975.0
2024-03-18,673489.0,68358.87,416270.0,961901.2760127294,600922569.4689952,19657650.0
2024-03-19,755218.0,67601.19,463952.0,1101740.7936961667,655172523.6571684,19658975.0
2024-03-20,639266.0,61919.44,361515.0,1108934.467963165,621787936.4644464,19659637.5
2024-03-21,611408.0,67857.18,327642.0,871242.750582892,500768807.8908293,19660300.0
2024-03-22,679058.0,65493.16,339533.0,880810.1617420147,563364908.877183,19660968.75
2024-03-23,622559.0,63795.46,326610.0,716711.751343478,650999450.2580782,19662306.25
2024-03-24,566459.0,64083.37,331527.0,513831.8262454762,709422477.8453414,19662975.0
2024-03-25,623335.0,67226.33,317064.0,1250324.7156639514,550845688.6799122,19664306.25
2024-03-26,648004.0,69962.76,317742.0,1161761.7147320576,559191835.4780927,19664968.75
2024-03-27,637151.0,69991.48,355902.0,986508.1232951462,567537982.2762733,19665631.25
2024-03-28,696012.0,69446.79,428670.0,973794.8752496778,630675249.3060845,19666956.25
2024-03-29,659374.0,70754.69,449421.0,923032.0879918453,595046224.9834774,19667618.75
2024-03-30,614851.0,69909.85,490072.0,521174.1482708109,640501144.9474928,19668281.25
2024-03-31,546293.0,69650.74,319675.0,456585.3620824828,566120366.8245583,19669718.75
2024-04-01,648777.0,71331.84,326410.0,1263750.226032886,619839817.691122,19670506.25
2024-04-02,685496.0,69701.3,357709.0,1089895.5793250247,611575286.7885739,19671175.0
2024-04-03,714141.0,65446.52,372978.0,909993.117184391,586781694.0809289,19672500.0
2024-04-04,655509.0,65983.59,320607.0,864699.4180967722,570252632.2758324,19673168.75
2024-04-05,643705.0,68526.59,348637.0,962527.0773917839,611575286.7885739,19673837.5
2024-04-06,673290.0,67857.42,433591.0,598971.9242774997,640501144.9474928,19675162.5
2024-04-07,652726.0,68909.59,526130.0,554943.0491644463,702485126.7166051,19675825.0
2024-04-08,685180.0,69373.69,455617.0,982666.1872262182,652897941.3013152,19677150.0
2024-04-09,683771.0,71645.91,453811.0,837041.0116765995,603310755.8860255,19677812.5
2024-04-10,703704.0,69141.75,531054.0,773781.9075290214,626404079.729565,19679143.75
2024-04-11,631803.0,70561.73,476241.0,814237.4967663351,566860609.5352726,19679806.25
2024-04-12,683741.0,70035.8,448489.0,798696.518338781,584038203.763614,19680468.75
2024-04-13,683432.0,67198.84,507173.0,639675.4301236746,704281363.3620051,19681806.25
2024-04-14,665693.0,64019.74,473328.0,671643.7468091047,674220573.4624075,19682468.75
2024-04-15,666015.0,65734.62,503358.0,938408.6540706649,605510196.549041,19683131.25
2024-04-16,743368.0,63435.81,454669.0,1028539.245072605,708575761.9190906,19684468.75
2024-04-17,661886.0,63820.92,385606.0,997095.9200815054,588332602.3206996,19685137.5
2024-04-18,670913.0,61280.51,418095.0,989107.8511690224,622687790.7773827,19686475.0
2024-04-19,727141.0,63507.69,393190.0,811798.4458473901,648454182.1198951,19687143.75
2024-04-20,455683.0,63823.55,631001.0,385320.26131779834,558271812.4211017,19687659.375
2024-04-21,484762.0,64991.71,641668.0,478617.15256393916,601215797.9919556,19688325.0
2024-04-22,534717.0,64949.79,671771.0,694754.651477748,652748580.6769805,19688656.25
2024-04-23,441797.0,66844.74,927010.0,734569.3476622122,721458957.5903468,19689325.0
2024-04-24,632356.0,66416.37,606713.0,786167.0132848818,671772263.1512126,19689656.25
2024-04-25,633650.0,64271.73,526242.0,623466.7653213254,630674365.8262494,19689987.5
2024-04-26,664327.0,64486.29,442347.0,775414.5050077859,578118168.6740619,19690653.125
2024-04-27,673970.0,63749.7,452967.0,556508.2032154301,613155633.4421867,19690984.375
2024-04-28,509501.0,63420.25,487521.0,564091.449594405,613155633.4421867,19691315.625
2024-04-29,603796.0,63112.69,403064.0,772271.543126716,573738485.5780463,19691646.875
2024-04-30,635509.0,63832.72,498085.0,951488.341027611,617535316.5382024,19692315.625
2024-05-01,587665.0,60603.04,478881.0,885510.477641098,578118168.6740619,19692646.875
2024-05-02,528151.0,58268.36,559839.0,737934.5485675323,635054048.9222649,19692978.125
2024-05-03,537019.0,59120.4,442742.0,690669.3956427871,564979119.3860149,19693643.75
2024-05-04,473521.0,62885.27,660263.0,453619.31428210885,617535316.5382024,19693975.0
2024-05-05,429326.0,63901.84,625998.0,443545.86579670844,608775950.3461711,19694306.25
2024-05-06,466177.0,64045.15,519817.0,672642.9736580598,534321337.7139056,19694637.5
2024-05-07,495831.0,63157.69,372643.0,699999.1728698713,534321337.7139056,19695000.0
2024-05-08,514675.0,62323.38,450856.0,666491.1822600901,556219753.1939834,19695662.5
2024-05-09,513026.0,61182.24,517193.0,699636.2332559319,613867438.0566123,19695993.75
2024-05-10,474605.0,63066.69,713791.0,707254.0318148361,599332437.5790136,19696328.125
2024-05-11,445747.0,60794.09,719306.0,434192.2329474505,657199017.7590562,19697012.5
2024-05-12,377543.0,60805.78,557164.0,493696.6102884302,545599184.5546882,19697346.875
2024-05-13,466123.0,61448.99,554780.0,772143.4784021802,607599091.8904481,19697681.25
2024-05-14,458041.0,62913.71,422043.0,693098.2529934052,562132493.1775575,19698343.75
2024-05-15,516619.0,61557.4,493012.0,837756.1477849804,582799128.9561441,19698675.0
2024-05-16,494221.0,66239.13,476659.0,884191.8645504088,586932456.1118613,19699018.75
2024-05-17,514199.0,65231.59,573492.0,833209.9909068157,640665709.1361867,19699687.5
2024-05-18,434371.0,67060.24,401264.0,531982.4311212555,529065875.9318188,19700021.875
2024-05-19,405155.0,66926.54,644119.0,541525.7763579146,636532381.9804695,19700359.375
2024-05-20,482108.0,66266.07,626995.0,806174.3340875941,644799036.2919042,19701025.0
2024-05-21,508542.0,71442.94,545041.0,983217.5757719927,570399147.4889922,19701356.25
2024-05-22,491272.0,70139.6,583279.0,766462.853981051,632399054.8247522,19702037.5
2024-05-23,533345.0,69133.73,744761.0,650563.4271773113,706194547.0096976,19702368.75
2024-05-24,483309.0,67942.23,736439.0,641425.4503193916,671140034.7624127,19703040.625
2024-05-25,465497.0,68531.76,835040.0,362406.7179701254,671140034.7624127,19703371.875
2024-05-26,403848.0,69272.7,852655.0,510608.8992151619,704697036.5005332,19704040.625
2024-05-27,430424.0,68486.54,551610.0,574537.6935324619,515938901.7236049,19704371.875
2024-05-28,448181.0,69374.17,596790.0,1030833.9823394106,562079779.1135205,19704706.25
2024-05-29,449070.0,68289.6,725428.0,717712.5177684043,574663654.7653158,19705037.5
2024-05-30,499634.0,67573.91,510417.0,714630.5404810873,515938901.7236049,19705703.125
2024-05-31,528690.0,68352.44,701471.0,850516.0998206746,620804532.1552316,19706034.375
2024-06-01,449639.0,67484.93,740030.0,433918.7695938534,591442155.634376,19706365.625
2024-06-02,393004.0,67719.29,729202.0,582840.2343406326,587247530.4171109,19707028.125
2024-06-03,482689.0,67752.27,769224.0,908664.9577310736,658556159.1106174,19707359.375
2024-06-04,492874.0,68803.11,627980.0,856833.8320920762,562079779.1135205,19707690.625
2024-06-05,460473.0,70553.24,562049.0,998685.739414939,515938901.7236049,19708356.25
2024-06-06,476121.0,71083.68,613472.0,775250.5133083627,554910858.050012,19708687.5
2024-06-07,468301.0,70764.24,263982.0,680416.2605223764,590944002.9609013,19709018.75
2024-06-08,599175.0,69331.66,509927.0,509698.922983565,715791327.5301057,19709681.25
2024-06-09,479357.0,69297.93,767920.0,414392.0460083305,636721355.302943,19710012.5
2024-06-10,473053.0,69645.28,658037.0,679422.5458353678,578459270.5039809,19710675.0
2024-06-11,485989.0,69513.23,463737.0,827148.9417821423,511874030.7337383,19711006.25
2024-06-12,483313.0,67332.0,690560.0,674759.9275755116,607590312.9034619,19711337.5
2024-06-13,469602.0,68239.79,731254.0,580183.9919652672,603428735.4178218,19711668.75
2024-06-14,475827.0,66757.59,604349.0,729399.2524299124,532681918.1619392,19712337.5
2024-06-15,426024.0,65993.49,452945.0,474185.77497225563,557651383.07578,19712671.875
2024-06-16,410934.0,66188.17,461748.0,454814.54503825324,678337130.1593444,19713003.125
2024-06-17,433551.0,66636.85,441215.0,758472.3915369599,582620847.9896209,19713668.75
2024-06-18,484883.0,66480.82,617202.0,821008.8260452361,632559777.8173028,19714000.0
2024-06-19,459862.0,65148.41,634554.0,609746.9702756439,570136115.5327007,19714331.25
2024-06-20,465205.0,64960.21,532756.0,628069.2379212937,553323137.1046984,19715000.0
2024-06-21,514658.0,64830.29,592843.0,690343.1010582402,582332779.002438,19715331.25
2024-06-22,456727.0,64095.5,681420.0,359700.48632529244,632247017.2026471,19715662.5
2024-06-23,358420.0,64251.26,492352.0,353770.2179674989,465866223.2019504,19716000.0
2024-06-24,456565.0,63167.3,528326.0,925990.5733968756,632247017.2026471,19716668.75
2024-06-25,441214.0,60279.54,536347.0,623516.001908275,515780461.4021594,19717000.0
2024-06-26,476277.0,61795.24,490817.0,715028.2460590538,503301901.8521072,19717343.75
2024-06-27,501018.0,60808.17,414624.0,1233709.8578172876,540737580.5022639,19717675.0
2024-06-28,562499.0,61616.04,593984.0,769974.2814501364,561535179.7523509,19718346.875
2024-06-29,502873.0,60315.67,712249.0,453278.1154200645,653044616.4527341,19718678.125
2024-06-30,465981.0,60871.03,505127.0,373215.58124920074,503301901.8521072,19719009.375
2024-07-01,650451.0,62676.36,611062.0,664824.9094207407,586492298.8524554,19719675.0
2024-07-02,511492.0,62845.12,592285.0,634181.7302529368,615608937.8025774,19720006.25
2024-07-03,503996.0,62028.38,545044.0,737649.903165091,603130378.2525251,19720337.5
2024-07-04,487582.0,60145.84,538097.0,877950.0856658455,582332779.002438,19721006.25
2024-07-05,510689.0,57034.05,490537.0,985468.7603002188,481691507.2021622,19721337.5
2024-07-06,461755.0,56648.56,658042.0,538826.2525571422,652035052.9717106,19721681.25
2024-07-07,417263.0,58265.25,673752.0,533550.1174036232,557193590.72128,19722350.0
2024-07-08,534832.0,55848.73,593010.0,935000.1551629842,628324687.409103,19722681.25
2024-07-09,499299.0,56706.26,654037.0,824292.2881126952,608566049.4402633,19723343.75
2024-07-10,460604.0,58011.47,631745.0,844390.2236383794,537434952.7524403,19723675.0
2024-07-11,487442.0,57743.11,642066.0,797491.7239768648,553241863.127512,19724006.25
2024-07-12,486027.0,57351.64,658355.0,737689.7545291341,592759139.0651915,19724671.875
2024-07-13,418214.0,57907.93,735686.0,539295.236907781,608566049.4402633,19725009.375
2024-07-14,440649.0,59231.12,586548.0,546352.0973618035,659938508.1592464,19725675.0
2024-07-15,482490.0,60798.16,552901.0,949798.7348089385,604614321.8464954,19726006.25
2024-07-16,492843.0,64859.79,529056.0,1134659.5369925136,580903956.2838876,19726337.5
2024-07-17,476281.0,65077.23,615870.0,829500.0765502488,628324687.409103,19727003.125
2024-07-18,481360.0,64104.91,445574.0,533194.4690520968,515102118.23597115,19727334.375
2024-07-19,510414.0,63968.61,507940.0,771739.4505843178,599556361.5235602,19727665.625
2024-07-20,444989.0,66712.66,680335.0,561826.616081152,672971426.1999145,19728334.375
2024-07-21,412253.0,67164.74,859629.0,471373.39699835575,689285885.0168821,19729000.0
2024-07-22,504554.0,68155.67,824999.0,815937.4946262932,730072032.0593011,19729337.5
2024-07-23,480641.0,67597.26,838977.0,973410.9132304033,689285885.0168821,19730006.25
2024-07-24,484767.0,65920.76,596458.0,745063.0967000404,571006058.5938667,19730343.75
2024-07-25,529053.0,65357.71,719711.0,751925.9667200702,664814196.7914306,19731006.25
2024-07-26,529294.0,65790.91,459067.0,601086.6006133643,652578352.6787051,19731340.625
2024-07-27,508959.0,67914.86,445730.0,578532.6297704261,628106664.4532535,19732009.375
2024-07-28,431944.0,67826.14,753703.0,375782.4973593945,603634976.227802,19732343.75
2024-07-29,543529.0,68257.42,826129.0,896257.3144037754,725993417.3550591,19733012.5
2024-07-30,500916.0,66777.36,683096.0,972379.7669231046,611792205.6362859,19733343.75
2024-07-31,542141.0,66180.0,562819.0,997889.2028141295,613215974.0238556,19733675.0
2024-08-01,550192.0,64621.73,544430.0,788137.9786033568,630987879.9602102,19734343.75
2024-08-02,531291.0,65297.77,410113.0,1120076.901190885,563382035.6787592,19734675.0
2024-08-03,490026.0,61410.11,504062.0,467914.8866632341,608452598.53306,19735006.25
2024-08-04,451025.0,60676.68,524595.0,592390.125489552,644509048.8165007,19735675.0
2024-08-05,572484.0,58116.46,548857.0,1370350.9497311546,703100780.5270916,19736006.25
2024-08-06,502085.0,53978.78,485173.0,978189.0008762769,630987879.9602102,19736337.5
2024-08-07,483579.0,56082.71,380097.0,937516.4679963785,549860866.8224689,19736668.75
2024-08-08,541524.0,55033.47,487399.0,859135.9292223909,581410260.8204794,19737350.0
2024-08-09,505594.0,61698.9,396419.0,892589.6714940596,585917317.1059096,19737681.25
2024-08-10,449194.0,60879.41,548777.0,526274.100263021,581410260.8204794,19738012.5
2024-08-11,407547.0,60943.19,644814.0,584557.931587841,725636061.954242,19738678.125
2024-08-12,459444.0,58717.0,450024.0,833850.8439280546,617466711.1039201,19739009.375
2024-08-13,499256.0,59350.07,579618.0,896759.4993924444,671551386.529081,19739343.75
2024-08-14,514603.0,60600.35,504701.0,923991.5116174663,594742777.8026003,19739675.0
2024-08-15,517110.0,58727.43,660924.0,714878.2601329201,690944705.8016886,19740337.5
2024-08-16,541657.0,57523.47,575811.0,701799.7184806219,613213426.3989986,19740671.875
2024-08-17,468048.0,58886.74,702540.0,405116.2983378342,643442257.2778225,19741334.375
2024-08-18,431177.0,59483.03,769702.0,451915.53168809536,673671088.1566465,19741668.75
2024-08-19,479794.0,58445.98,553394.0,849720.353683547,561392573.463872,19742000.0
2024-08-20,522795.0,59475.91,717337.0,830009.6634203588,647760661.689083,19742662.5
2024-08-21,528523.0,59024.54,687685.0,781119.8391507821,634805448.4553014,19742993.75
2024-08-22,529070.0,61170.43,795102.0,765833.869082293,690944705.8016886,19743656.25
2024-08-23,531334.0,60382.01,799839.0,896157.7622464913,708218323.4467307,19743987.5
2024-08-24,465477.0,64082.05,794380.0,562329.3162806712,660715874.9228647,19744653.125
2024-08-25,410926.0,64174.59,705838.0,495582.6330328778,574347786.6976537,19744987.5
2024-08-26,467689.0,64327.86,600722.0,772019.2490151818,578666191.1089141,19745318.75
2024-08-27,500316.0,62857.78,673811.0,1105505.3645173218,613213426.3989986,19745984.375
2024-08-28,507535.0,59466.82,733530.0,998514.3397864904,703794017.3679069,19746321.875
2024-08-29,537264.0,59024.11,524362.0,776508.8093392404,587091196.5963086,19746656.25
2024-08-30,572225.0,59389.34,542101.0,722284.1211368316,631567802.399059,19747318.75
2024-08-31,500461.0,59108.23,701952.0,406793.945279639,653806105.3004345,19747653.125
2024-09-01,474746.0,58968.91,651871.0,818583.1489947678,631567802.399059,19748000.0
2024-09-02,497761.0,57322.52,754904.0,727106.5901439863,742759316.9059358,19748681.25
2024-09-03,532190.0,59113.65,582751.0,981662.620964347,662701426.4609846,19749012.5
2024-09-04,517981.0,57430.23,722736.0,939135.9779528662,671596747.6215348,19749706.25
2024-09-05,539154.0,57966.79,721251.0,843929.2857137045,689387389.9426349,19750040.625
2024-09-06,541499.0,56165.32,667267.0,909143.94937774,644910784.1398844,19750371.875
2024-09-07,467697.0,53951.72,781426.0,459439.5357786654,702730371.68346,19751037.5
2024-09-08,443983.0,54158.39,910083.0,541227.7433864755,742759316.9059358,19751371.875
2024-09-09,484357.0,54857.17,572398.0,900739.6685396094,644910784.1398844,19752040.625
2024-09-10,496236.0,57055.68,568630.0,1390978.7504865625,609329499.4976839,19752378.125
2024-09-11,485718.0,57636.19,411402.0,1247406.4959816544,495458846.64224994,19752709.375
2024-09-12,543579.0,57345.38,563521.0,1056147.749002315,700222814.5578787,19753040.625
2024-09-13,541521.0,58136.5,419047.0,1159566.175678689,566627672.3067043,19753706.25
2024-09-14,497081.0,60565.91,638989.0,671503.56581834,640335336.9970075,19754040.625
2024-09-15,450094.0,60004.02,712474.0,584990.2480000239,695616085.5147347,19754371.875
2024-09-16,508716.0,59136.83,504540.0,936148.3291176587,575841130.3929921,19755037.5
2024-09-17,512792.0,58194.98,539113.0,847849.2549602628,691009356.4715909,19755371.875
2024-09-18,503606.0,60304.22,541476.0,824060.477294145,635728607.9538636,19755712.5
2024-09-19,534707.0,61683.91,455707.0,878617.918176683,562020943.2635604,19756043.75
2024-09-20,555435.0,62938.2,526390.0,980010.4798542134,667975711.255871,19756709.375
2024-09-21,487325.0,63213.19,557444.0,415896.3973294178,621908420.8244318,19757040.625
2024-09-22,439610.0,63377.01,628230.0,409556.78358135984,626515149.8675756,19757371.875
2024-09-23,518528.0,63626.42,580102.0,752214.3509765241,672582440.299015,19758034.375
2024-09-24,517079.0,63330.79,532220.0,835934.2250878342,667975711.255871,19758368.75
2024-09-25,513256.0,64279.04,503460.0,816864.2504929238,657005311.2676694,19758709.375
2024-09-26,515965.0,63138.8,474766.0,841504.9019745147,571298868.1801282,19759378.125
2024-09-27,549045.0,65179.96,451723.0,807629.0527876107,602061114.928289,19759731.25
2024-09-28,477266.0,65781.65,507707.0,462447.36368116224,566904261.5018196,19760062.5
2024-09-29,462111.0,65888.5,687427.0,489295.6332156256,681164035.1378452,19760396.875
2024-09-30,513555.0,65620.59,594224.0,986218.9624079608,602061114.928289,19761059.375
2024-10-01,626337.0,63323.53,632894.0,901439.0871405173,689953248.4944626,19761393.75
2024-10-02,504061.0,60838.74,590981.0,793759.0977704676,681164035.1378452,19762062.5
2024-10-03,522348.0,60639.47,582777.0,885924.1692823414,694347855.1727712,19762396.875
2024-10-04,553982.0,60754.15,561425.0,803081.1071951699,742688528.6341666,19763068.75
2024-10-05,462401.0,62079.73,757575.0,421546.66184817435,663585608.4246106,19763400.0
2024-10-06,435532.0,62065.06,742158.0,562927.3264257278,667980215.1029191,19764065.625
2024-10-07,495630.0,62814.93,717700.0,999221.2514549243,681164035.1378452,19764406.25
2024-10-08,556194.0,62238.11,719458.0,1068668.007048818,733899315.2775493,19765068.75
2024-10-09,479175.0,62124.37,536887.0,812270.1903557988,574966972.3426994,19765400.0
2024-10-10,495077.0,60574.02,746211.0,642151.5196266883,709250575.4670075,19765731.25
2024-10-11,474119.0,60269.24,633252.0,639706.0537096191,640613423.0024583,19766393.75
2024-10-12,440477.0,62457.07,736321.0,386993.7441375372,654340853.4953684,19766725.0
2024-10-13,417442.0,63189.26,648739.0,362310.3545843108,631461802.673852,19767056.25
2024-10-14,477679.0,62842.66,611683.0,605963.0413767822,636037612.8381552,19767718.75
2024-10-15,510964.0,66048.56,646891.0,836341.90135389,713826385.6313109,19768050.0
2024-10-16,465015.0,67049.57,708342.0,701874.9673499214,645189233.1667618,19768381.25
2024-10-17,529901.0,67599.32,653027.0,592975.5383560109,718402195.7956142,19769050.0
2024-10-18,519056.0,67401.64,474279.0,657453.9189112573,622310182.3452455,19769381.25
2024-10-19,480562.0,68426.2,735561.0,380312.4138809915,791615158.4244666,19770046.875
2024-10-20,462770.0,68365.74,778073.0,371365.76986347215,791615158.4244666,19770384.375
2024-10-21,482337.0,69012.04,835011.0,660253.1279021731,782463538.0958601,19771046.875
2024-10-22,479204.0,67363.26,700174.0,672533.2845571071,638125714.2515116,19771378.125
2024-10-23,496062.0,67368.2,665187.0,531297.6086798153,718143298.2753785,19772040.625
2024-10-24,453818.0,66655.68,681834.0,582509.7414604152,699119634.7449049,19772371.875
2024-10-25,585659.0,68162.43,524014.0,580385.0656825635,727655130.0406153,19772703.125
2024-10-26,513505.0,66639.48,597744.0,355906.59260564833,694363718.8622864,19773368.75
2024-10-27,452846.0,67018.78,700814.0,313396.9887960386,765702457.1015625,19773703.125
2024-10-28,535356.0,67938.81,702824.0,642718.4959970043,798993868.2798914,19774371.875
2024-10-29,580911.0,69913.46,614981.0,969730.0143010134,746678793.571089,19774706.25
2024-10-30,553379.0,72706.28,682099.0,914431.5387501168,803749784.1625097,19775368.75
2024-10-31,562550.0,72329.87,562237.0,841843.8252213715,751434709.4537071,19775700.0
2024-11-01,556938.0,70219.02,547888.0,778325.6280858238,727655130.0406153,19776368.75
2024-11-02,504261.0,69490.73,544612.0,319668.8147897112,670584139.4491944,19776703.125
2024-11-03,452489.0,69301.81,455402.0,347603.3903928736,627780896.505629,19777037.5
2024-11-04,518020.0,68744.21,456826.0,650259.0941658515,720519107.2542773,19777703.125
2024-11-05,548496.0,67809.49,465286.0,733010.1056977672,702351988.6923242,19778034.375
2024-11-06,622567.0,69382.83,501641.0,1268937.2231146363,773092476.7620546,19778700.0
2024-11-07,583392.0,75642.59,553047.0,902154.5585619959,788251152.776997,19779034.375
2024-11-08,591256.0,75926.31,497146.0,953404.9382482735,717510664.7072663,19779365.625
2024-11-09,502341.0,76559.38,577368.0,551065.6475042306,702351988.6923242,19780034.375
2024-11-10,564887.0,76728.8,558278.0,808961.3998951652,747828016.7371509,19780371.875
2024-11-11,623757.0,80477.81,462458.0,1204667.9662189197,687193312.6773819,19780703.125
2024-11-12,702614.0,88719.74,503677.0,1383872.6307425715,737722232.7271894,19781368.75
2024-11-13,636591.0,87972.98,570979.0,1222908.3063392444,697299096.6873435,19781703.125
2024-11-14,587387.0,90537.78,503566.0,1058121.4224924846,641717284.6325549,19782034.375
2024-11-15,619496.0,87292.03,562223.0,928123.0808657724,757933800.7471123,19782700.0
2024-11-16,581986.0,91063.24,602655.0,524803.1979336018,793304044.7819778,19783031.25
2024-11-17,518085.0,90562.03,598496.0,444772.3042972665,757933800.7471123,19783693.75
2024-11-18,569926.0,89829.32,673308.0,888920.8559166278,789177471.4803329,19784025.0
2024-11-19,547133.0,90540.98,810805.0,943414.4744099809,889845955.1158988,19784690.625
2024-11-20,557265.0,92369.46,664866.0,1010374.7606940701,747470602.2973549,19785021.875
2024-11-21,666198.0,94354.43,498512.0,1437644.971725258,732216100.2096539,19785353.125
2024-11-22,628962.0,98501.47,540305.0,1074499.480550723,727131266.1804202,19786015.625
2024-11-23,590149.0,99011.58,444699.0,719698.6201790483,701707096.0342517,19786350.0
2024-11-24,534909.0,97776.94,463289.0,566408.752652852,681367759.9173166,19786681.25
2024-11-25,593158.0,98042.92,604870.0,1011844.1848499022,859336950.9404964,19787343.75
2024-11-26,568082.0,93003.21,475689.0,966685.7978009495,706791930.0634853,19787678.125
2024-11-27,599701.0,91968.35,462119.0,773633.5860690508,676282925.8880831,19788009.375
2024-11-28,559054.0,95956.99,523480.0,594620.3070454241,722046432.1511863,19788675.0
2024-11-29,551876.0,95651.51,341781.0,704573.052100606,615264917.5372787,19789009.375
2024-11-30,583648.0,97503.54,640943.0,472061.8239517715,833912780.7943279,19789340.625
2024-12-01,501246.0,96450.08,698223.0,414649.08199370245,803403776.6189257,19790006.25
2024-12-02,578842.0,97273.62,311811.0,924341.1490483155,649582756.2207783,19790340.625
2024-12-03,613585.0,95857.16,439519.0,845685.3929371192,811042070.6273791,19791003.125
2024-12-04,606514.0,95941.45,502912.0,855006.8286922212,759383340.0141702,19791337.5
2024-12-05,676971.0,98768.81,512490.0,1458064.4692313098,800710324.5047373,19791668.75
2024-12-06,589966.0,97079.54,414643.0,1058922.3147943672,702558736.3396405,19792331.25
2024-12-07,523611.0,99888.14,456101.0,456357.3420020911,733553974.7075658,19792662.5
2024-12-08,500126.0,99914.34,420320.0,443074.68324366916,754217466.9528493,19792996.875
2024-12-09,548218.0,101179.58,403264.0,965813.9332878763,862700801.2405878,19793662.5
2024-12-10,637676.0,97465.55,441944.0,839573.4783076796,795544451.4434165,19793996.875
2024-12-11,617471.0,96653.46,481168.0,858938.2981387884,733553974.7075658,19794665.625
2024-12-12,642365.0,101191.95,474978.0,733417.2016895034,764549213.0754911,19794996.875
2024-12-13,622796.0,100040.86,523585.0,738903.0206815624,878198420.4245505,19795659.375
2024-12-14,547370.0,101467.53,517482.0,430661.4198166562,821373816.7500207,19795990.625
2024-12-15,540459.0,101404.33,378527.0,435592.1611988488,707724609.4009614,19796656.25
2024-12-16,628257.0,104342.21,412747.0,944149.5981226347,796354777.917631,19796987.5
2024-12-17,587955.0,106059.49,419707.0,899983.4775437801,733677850.1420219,19797318.75
2024-12-18,583495.0,106156.01,414366.0,863124.9377957653,776835370.7386113,19797981.25
2024-12-19,634202.0,100157.34,437574.0,941187.6699843898,782230060.8131851,19798318.75
2024-12-20,640920.0,97470.38,398670.0,970347.5694393679,814598201.2606272,19798656.25
2024-12-21,516725.0,97768.78,330225.0,451465.4607173367,782230060.8131851,19799328.125
2024-12-22,477331.0,97226.54,336217.0,367541.5435169301,836176961.5589218,19799662.5
2024-12-23,528563.0,95094.78,292681.0,949013.5962306653,749861920.3657429,19799996.875
2024-12-24,543738.0,94715.72,326570.0,657352.1819701063,712099089.8437271,19800659.375
2024-12-25,465831.0,98613.53,405831.0,455890.1027724574,814598201.2606272,19800993.75
2024-12-26,488028.0,99300.12,298916.0,603281.5561685289,706704399.7691535,19801328.125
2024-12-27,568492.0,95685.77,348241.0,649887.8516713751,852361031.782643,19801993.75
2024-12-28,513628.0,94152.68,298580.0,383372.64210882597,771440680.6640378,19802325.0
2024-12-29,473130.0,95144.81,419112.0,584727.764962693,853049703.3260739,19802990.625
2024-12-30,546526.0,93536.42,374721.0,871546.387972725,867710155.9849901,19803321.875
2024-12-31,545227.0,92652.68,312513.0,828260.9477125912,703991258.6293316,19803653.125
2025-01-01,469908.0,93406.74,292213.0,539953.5324479822,764021520.9930731,19804315.625
2025-01-02,536381.0,94409.13,402440.0,634979.2361194293,911368528.6131656,19804646.875
2025-01-03,580296.0,96853.63,409341.0,674687.3423459273,774936114.1501169,19805309.375
2025-01-04,514543.0,98122.01,432302.0,474874.7069852138,813137190.1997707,19805643.75
2025-01-05,477492.0,98242.07,433954.0,450109.2146893607,851338266.2494245,19805975.0
2025-01-06,552854.0,98319.2,366260.0,737125.5617071895,725820444.9434196,19806640.625
2025-01-07,534903.0,102253.31,352121.0,808630.969284022,731277741.5219413,19806978.125
2025-01-08,545474.0,96916.58,399976.0,784665.2639107796,682162072.3152436,19807309.375
2025-01-09,551517.0,95049.45,534013.0,750688.58405636,829509079.9353366,19807975.0
2025-01-10,555569.0,92493.26,408769.0,916240.991515866,774936114.1501169,19808309.375
2025-01-11,493250.0,94702.66,361190.0,429441.32740336057,753106927.8360293,19808640.625
2025-01-12,478512.0,94569.61,380525.0,465857.3967394976,939753829.6056751,19809303.125
2025-01-13,527739.0,94478.37,408248.0,641005.6302590541,702796044.3776932,19809634.375
2025-01-14,555702.0,94497.68,352684.0,775592.483289918,845551490.8919123,19809965.625
2025-01-15,562243.0,96527.14,354014.0,852579.1752953441,763192579.4414012,19810634.375
2025-01-16,552617.0,100511.85,375439.0,902568.8484161457,702796044.3776932,19810965.625
2025-01-17,609681.0,99976.92,425661.0,928946.3054353991,823589114.5051093,19811296.875
2025-01-18,548843.0,104103.44,360666.0,767454.691547205,713777232.5710948,19811959.375
2025-01-19,581784.0,104408.89,388509.0,720719.9783304674,823589114.5051093,19812290.625
2025-01-20,611603.0,101217.01,350291.0,961130.4865877557,834570302.6985108,19812621.875
2025-01-21,576234.0,102042.06,324412.0,875424.5793068056,730249014.861197,19813290.625
2025-01-22,563550.0,106158.27,432369.0,794429.9219138741,823589114.5051093,19813621.875
2025-01-23,559393.0,103637.06,326010.0,853792.9981274175,746720797.1512991,19813953.125
2025-01-24,555324.0,103950.37,369243.0,704594.1043631484,768683173.5381019,19814618.75
2025-01-25,511721.0,104855.0,338988.0,436039.01003608626,702796044.3776932,19814953.125
2025-01-26,468657.0,104722.36,309651.0,403647.2487364654,752211391.2479999,19815287.5
2025-01-27,536813.0,102592.63,332102.0,688610.6450814432,841602268.6110247,19815950.0
2025-01-28,526610.0,102102.01,305953.0,535465.0216653026,795344639.2008113,19816284.375
2025-01-29,536882.0,101322.82,355332.0,674853.8129454331,832962291.0549035,19816631.25
2025-01-30,563297.0,103704.56,335134.0,640502.2747973717,779222788.4062003,19817293.75
2025-01-31,573440.0,104743.97,328684.0,695031.4465801892,671743783.1087936,19817625.0
2025-02-01,547939.0,102406.47,357439.0,414956.73764870205,988806848.7361435,19818287.5
2025-02-02,493629.0,100627.27,383258.0,536778.8400299399,918945495.2928294,19818621.875
2025-02-03,594369.0,97675.85,360484.0,876169.4756701029,822214390.5251629,19819284.375
2025-02-04,533329.0,101414.76,308619.0,733042.3244044902,703987484.6980155,19819615.625
2025-02-05,549668.0,97877.42,381126.0,703165.866151592,773848838.1413299,19819946.875
2025-02-06,556046.0,96607.66,428326.0,621613.1045917249,779222788.4062003,19820609.375
2025-02-07,547121.0,96564.45,498394.0,540986.5617418498,929693395.8225701,19820943.75
2025-02-08,495840.0,96540.7,469138.0,381304.205580459,859832042.3792553,19821615.625
2025-02-09,458209.0,96486.54,385420.0,384656.90010658256,795293751.4100475,19821946.875
2025-02-10,506614.0,96487.05,359522.0,577459.3863082707,788864727.616627,19822296.875
2025-02-11,527971.0,97461.49,337513.0,596692.0503578433,703735440.4637535,19822965.625
2025-02-12,524479.0,95752.0,386539.0,571134.6488628598,754813012.7554775,19823296.875
2025-02-13,554664.0,97877.16,379906.0,599946.5143420058,896695158.0102665,19823631.25
2025-02-14,555378.0,96628.78,346002.0,626832.528904628,862643443.1491172,19824293.75
2025-02-15,477805.0,97494.79,306930.0,518154.848237537,908045729.6306497,19824625.0
2025-02-16,439616.0,97593.62,300091.0,472096.56860169856,856968157.3389257,19825293.75
2025-02-17,481661.0,96176.21,333466.0,545508.6074177873,777514155.996244,19825625.0
2025-02-18,505135.0,95771.14,422709.0,602417.8034707359,794540013.4268184,19825956.25
2025-02-19,504104.0,95544.0,448569.0,646574.3940608707,715086012.0841366,19826287.5
2025-02-20,528372.0,96642.79,480465.0,712996.3413949646,737787155.324903,19826950.0
2025-02-21,539520.0,98331.0,459909.0,776218.8796220354,732111869.5147113,19827281.25
2025-02-22,481128.0,96111.11,551849.0,710616.2259962864,788864727.616627,19827612.5
2025-02-23,401327.0,96580.65,572814.0,514513.2262420151,728533880.978175,19827943.75
2025-02-24,502390.0,96274.79,514086.0,797420.0605861305,714530229.8374169,19828606.25
2025-02-25,593036.0,91538.39,497063.0,1342314.4878907008,807968798.3546175,19828940.625
2025-02-26,551544.0,88664.31,403575.0,1304559.6801679595,862932662.1882651,19829603.125
2025-02-27,559897.0,84115.7,325162.0,978750.8724108649,824457957.5047117,19829934.375
2025-02-28,639073.0,84645.86,386183.0,959889.5216381621,857436275.8049003,19830265.625
2025-03-01,537837.0,84379.79,290895.0,586861.1102651588,791479639.2045234,19830928.125
2025-03-02,502728.0,86025.07,264912.0,689940.9401719305,692544684.3039575,19831259.375
2025-03-03,574113.0,94255.51,374224.0,918110.1340647177,824457957.5047117,19831590.625
2025-03-04,572405.0,86081.79,304773.0,716490.7653132618,802472411.9712528,19832253.125
2025-03-05,553079.0,87226.39,309176.0,637121.1964791361,736515775.3708757,19832587.5
2025-03-06,582749.0,90608.57,370349.0,745382.9592287063,934385685.1720064,19833256.25
2025-03-07,575233.0,89920.13,313588.0,794877.2781499162,780486866.4377937,19833587.5
2025-03-08,490884.0,86745.52,292451.0,468139.46895801846,753004934.5209701,19833918.75
2025-03-09,468931.0,86163.24,300380.0,516664.1934521764,878012411.8108668,19834581.25
2025-03-10,561710.0,80669.31,446224.0,793936.4406689026,858547242.188255,19834912.5
2025-03-11,555242.0,78557.72,376740.0,839354.3377643365,769347528.7141508,19835575.0
2025-03-12,537118.0,82859.32,428828.0,728907.7670192188,852972260.0961236,19835909.375
2025-03-13,548028.0,83703.69,532638.0,622082.5265915043,886422152.6489124,19836240.625
2025-03-14,558542.0,81075.63,439189.0,558307.4949914808,791647457.0826768,19836909.375
2025-03-15,483792.0,83982.58,473428.0,404904.2709149956,735897636.1613616,19837240.625
2025-03-16,440114.0,84339.61,471115.0,427833.4585938498,808372403.3590714,19837581.25
2025-03-17,511394.0,82581.85,380493.0,565930.725139535,780497492.8984137,19838243.75
2025-03-18,520296.0,84040.57,369237.0,573466.2977525638,791647457.0826768,19838575.0
2025-03-19,523412.0,82718.44,441661.0,557514.7272005888,847397278.0039921,19838906.25
2025-03-20,538832.0,86867.58,337973.0,594456.2227735356,791647457.0826768,19839568.75
2025-03-21,542213.0,84174.28,321230.0,503425.7124816587,808372403.3590714,19839900.0
2025-03-22,463442.0,84042.1,413839.0,329192.8230417305,836247313.819729,19840562.5
2025-03-23,426406.0,83813.07,533755.0,320723.80732360133,876571559.8921037,19840893.75
2025-03-24,542968.0,86057.08,483673.0,550865.5085339503,870857131.0489082,19841225.0
2025-03-25,537123.0,87509.31,505859.0,606946.8047962261,842582548.8719956,19841890.625
2025-03-26,551045.0,87475.15,515068.0,584772.3104568687,859547298.1781431,19842221.875
2025-03-27,546963.0,86907.02,437476.0,557973.8304889845,836927632.4366131,19842887.5
2025-03-28,555512.0,87187.77,397685.0,688099.5094018162,870857131.0489082,19843228.125
2025-03-29,491096.0,84362.88,290139.0,442272.53043024807,797343217.3889353,19843562.5
2025-03-30,448720.0,82612.14,305206.0,399659.7425680387,774723551.6474054,19844225.0
2025-03-31,536233.0,82338.19,318279.0,710598.7531346937,836927632.4366131,19844556.25
2025-04-01,577515.0,82531.15,356323.0,572955.3409079915,763413718.7766403,19844893.75
2025-04-02,561041.0,85185.53,399055.0,604393.7166311253,972645626.8857933,19845562.5
2025-04-03,576015.0,82487.27,392043.0,669511.8752732129,859547298.1781431,19845896.875
2025-04-04,568203.0,83102.81,429861.0,585001.7853769639,1017884958.3688537,19846562.5
2025-04-05,491185.0,83842.01,293474.0,361328.6529885604,948981343.907835,19847228.125
2025-04-06,468285.0,83500.22,279475.0,439315.96113355446,875826848.0097468,19847559.375
2025-04-07,561612.0,78372.2,309387.0,792091.204218502,875826848.0097468,19847893.75
2025-04-08,560881.0,79188.56,363972.0,611653.2591485381,924148329.2792498,19848559.375
2025-04-09,553980.0,76266.57,317312.0,790622.8431756304,791264255.7881161,19848918.75
2025-04-10,559681.0,82575.64,322464.0,681608.0396443136,869786662.851059,19849250.0
2025-04-11,574941.0,79587.79,405030.0,668781.4973677787,893947403.4858105,19849918.75
2025-04-12,504593.0,83423.93,409511.0,428871.8732050299,869786662.851059,19850250.0
2025-04-13,462177.0,85283.27,455139.0,418150.5887978018,1038911847.2943201,19850921.875
2025-04-14,531419.0,83709.73,441688.0,536097.8877530411,899987588.6444983,19851253.125
2025-04-15,547445.0,84553.18,442899.0,669078.3395093724,869786662.851059,19851584.375
2025-04-16,543869.0,83631.52,507129.0,536376.136132394,893947403.4858105,19852250.0
2025-04-17,545464.0,84033.59,557181.0,745056.250151734,924148329.2792498,19852581.25
2025-04-18,515292.0,84915.2,508733.0,532546.999969825,821465181.5815556,19853243.75
2025-04-19,471006.0,84466.72,545076.0,381149.31094134436,847396221.1293446,19853575.0
2025-04-20,423502.0,85090.63,468737.0,339658.2363766377,753499802.4397362,19853906.25
2025-04-21,493498.0,85172.64,444986.0,589521.3540403852,771877846.401681,19854237.5
2025-04-22,569473.0,87522.75,518267.0,757426.9810193535,949532271.367147,19854900.0
2025-04-23,546333.0,93472.65,418203.0,961186.401919533,698365670.5539016,19855231.25
2025-04-24,569545.0,93708.71,464739.0,754817.8051796644,863768066.2114046,19855562.5
2025-04-25,595179.0,93970.77,392451.0,775016.1736633416,882146110.1733494,19855893.75
2025-04-26,486530.0,94724.46,321357.0,374314.36002304853,814759948.9795519,19856559.375
2025-04-27,449536.0,94660.46,441827.0,397452.93836994446,827011978.2875152,19856890.625
2025-04-28,513795.0,93782.18,409765.0,702041.0722047687,863768066.2114046,19857221.875
2025-04-29,526876.0,94998.2,467725.0,723115.9187372631,894398139.4813126,19857884.375
2025-04-30,558028.0,94274.98,350729.0,661001.8623985085,808633934.3255703,19858215.625
2025-05-01,555979.0,94206.41,331199.0,771855.5763600261,827011978.2875152,19858546.875
2025-05-02,613025.0,96507.26,379268.0,765642.3131637236,974036329.9830736,19859212.5
2025-05-03,515130.0,96927.01,389717.0,508068.82781151176,999957994.4593519,19859543.75
2025-05-04,446087.0,95895.74,347977.0,494688.49483848276,823060870.7158544,19859878.125
2025-05-05,531867.0,94312.45,402262.0,815056.4046041573,1036227714.9300332,19860546.875
2025-05-06,526919.0,94727.8,332218.0,734327.5573693127,817139569.4876828,19860878.125
2025-05-07,559340.0,96818.39,343011.0,740016.233072401,894116485.453914,19861540.625
2025-05-08,592201.0,97042.54,373813.0,739797.9218478217,941486895.2792871,19861871.875
2025-05-09,603053.0,103223.26,334543.0,841081.9863683009,828982171.944026,19862540.625
2025-05-10,503410.0,102982.07,331074.0,478471.03779224114,888195184.2257423,19862871.875
2025-05-11,467125.0,104766.27,281756.0,490327.5020273597,882273882.9975705,19863203.125
2025-05-12,532368.0,104130.99,378285.0,693884.7082989878,858588678.0848842,19863868.75
2025-05-13,534997.0,102827.18,295785.0,754872.7891448047,769769159.6623099,19864206.25
2025-05-14,535430.0,104154.71,326818.0,715424.2059721074,852667376.8567126,19864537.5
2025-05-15,540779.0,103552.22,374153.0,757969.3030447084,864509979.3130558,19865206.25
2025-05-16,,103757.39,,,,
